timestamp,event,user,resource
2026-06-20 02:58:43,DeleteBucket,user19,vm443
2026-06-20 17:02:04,RunInstance,user3,vm149
2026-06-20 15:06:50,CreateBucket,user37,vm436
2026-06-20 19:53:23,UpdateLaunchTemplate,user41,vm472
2026-06-20 07:05:28,TerminateInstance,user26,vm323
2026-06-20 17:13:10,RunInstance,user44,vm394
2026-06-20 09:58:45,RunInstance,user20,vm347
2026-06-20 17:14:07,CreateAutoScalingGroup,user40,vm113
2026-06-20 14:38:31,RunInstance,user10,vm329
2026-06-20 07:48:46,CreateGPUCluster,user3,vm168
2026-06-20 12:04:00,CreateBucket,user25,vm281
2026-06-20 17:47:39,RunInstance,user18,vm453
2026-06-20 09:39:39,TerminateInstance,user10,vm272
2026-06-20 21:56:17,UpdateLaunchTemplate,user11,vm139
2026-06-20 01:37:01,TerminateInstance,user46,vm217
2026-06-20 22:43:20,DeleteBucket,user25,vm294
2026-06-20 11:15:21,CreateBucket,user3,vm254
2026-06-20 14:29:40,PrivilegeEscalationAttempt,user36,vm156
2026-06-20 02:28:59,DeleteBucket,user22,vm360
2026-06-20 01:18:54,RunInstance,user40,vm114
2026-06-20 01:41:40,LaunchCryptoMiner,user12,vm383
2026-06-20 19:58:07,AttachVolume,user6,vm191
2026-06-20 14:07:55,CreateAutoScalingGroup,user9,vm234
2026-06-20 22:32:32,DeleteBucket,user38,vm244
2026-06-20 17:32:35,RunInstance,user13,vm105
2026-06-20 11:11:26,DeleteBucket,user21,vm182
2026-06-20 03:52:12,TerminateInstance,user10,vm315
2026-06-20 09:52:46,AssumeRole,user19,vm329
2026-06-20 22:52:23,UpdateLaunchTemplate,user49,vm479
2026-06-20 13:45:17,RunInstance,user18,vm343
2026-06-20 09:19:23,RunInstance,user18,vm152
2026-06-20 15:17:30,RunInstance,user10,vm481
2026-06-20 04:59:07,RunInstance,user19,vm408
2026-06-20 02:04:35,CreateAutoScalingGroup,user27,vm188
2026-06-20 04:54:59,RunInstance,user15,vm430
2026-06-20 16:10:11,CreateAutoScalingGroup,user34,vm381
2026-06-20 06:03:22,CreateAutoScalingGroup,user50,vm409
2026-06-20 23:15:43,AttachVolume,user39,vm350
2026-06-20 12:29:55,TerminateInstance,user1,vm312
2026-06-20 09:45:52,TerminateInstance,user50,vm248
2026-06-20 10:16:18,CreateAutoScalingGroup,user23,vm346
2026-06-20 08:10:30,TerminateInstance,user18,vm445
2026-06-20 05:28:59,TerminateInstance,user9,vm238
2026-06-20 19:52:09,UpdateLaunchTemplate,user11,vm406
2026-06-20 23:18:28,CreateAutoScalingGroup,user29,vm207
2026-06-20 14:49:34,RunInstance,user31,vm216
2026-06-20 05:36:29,TerminateInstance,user39,vm266
2026-06-20 15:49:36,AttachVolume,user20,vm171
2026-06-20 12:01:21,PrivilegeEscalationAttempt,user8,vm168
2026-06-20 04:39:50,PrivilegeEscalationAttempt,user23,vm491
2026-06-20 14:16:08,CreateAutoScalingGroup,user38,vm173
2026-06-20 16:24:20,RunInstance,user18,vm132
2026-06-20 12:01:56,CreateAutoScalingGroup,user9,vm388
2026-06-20 11:26:52,TerminateInstance,user13,vm280
2026-06-20 06:43:54,RunInstance,user20,vm288
2026-06-20 20:20:34,CreateBucket,user27,vm210
2026-06-20 00:18:36,DeleteBucket,user17,vm150
2026-06-20 21:34:52,AssumeRole,user41,vm121
2026-06-20 04:58:32,RunInstance,user25,vm288
2026-06-20 09:50:39,RunInstance,user5,vm194
2026-06-20 18:24:26,TerminateInstance,user17,vm375
2026-06-20 12:23:02,CreateAutoScalingGroup,user38,vm477
2026-06-20 19:57:28,RunHighCPUInstance,user7,vm293
2026-06-20 04:56:00,CreateAutoScalingGroup,user34,vm307
2026-06-20 16:50:06,CreateGPUCluster,user24,vm415
2026-06-20 05:33:04,CreateBucket,user50,vm393
2026-06-20 01:13:37,RunInstance,user22,vm298
2026-06-20 17:28:33,CreateAutoScalingGroup,user13,vm267
2026-06-20 06:02:15,PrivilegeEscalationAttempt,user23,vm269
2026-06-20 19:08:30,RunHighCPUInstance,user30,vm248
2026-06-20 12:39:08,RunInstance,user27,vm453
2026-06-20 20:26:22,CreateBucket,user28,vm189
2026-06-20 23:09:04,AssumeRole,user35,vm329
2026-06-20 02:58:56,UpdateLaunchTemplate,user22,vm119
2026-06-20 07:35:58,TerminateInstance,user8,vm179
2026-06-20 01:47:05,CreateBucket,user15,vm151
2026-06-20 06:52:50,RunInstance,user38,vm170
2026-06-20 16:17:24,CreateGPUCluster,user26,vm242
2026-06-20 21:07:44,TerminateInstance,user22,vm361
2026-06-20 23:34:13,RunInstance,user5,vm439
2026-06-20 11:01:48,TerminateInstance,user38,vm493
2026-06-20 08:36:57,CreateGPUCluster,user24,vm234
2026-06-20 12:48:38,TerminateInstance,user2,vm263
2026-06-20 23:27:44,TerminateInstance,user31,vm346
2026-06-20 06:55:24,DeleteBucket,user37,vm370
2026-06-20 17:24:38,CreateAutoScalingGroup,user27,vm351
2026-06-20 04:39:40,RunInstance,user46,vm136
2026-06-20 12:43:28,TerminateInstance,user5,vm253
2026-06-20 07:34:19,AssumeRole,user32,vm245
2026-06-20 00:56:08,CreateAutoScalingGroup,user35,vm345
2026-06-20 13:40:05,TerminateInstance,user31,vm246
2026-06-20 07:49:37,TerminateInstance,user3,vm459
2026-06-20 05:30:55,RunInstance,user24,vm176
2026-06-20 20:02:01,TerminateInstance,user24,vm234
2026-06-20 13:52:47,TerminateInstance,user47,vm381
2026-06-20 11:25:50,RunInstance,user16,vm325
2026-06-20 13:55:12,TerminateInstance,user15,vm248
2026-06-20 19:56:37,TerminateInstance,user13,vm220
2026-06-20 01:31:19,RunHighCPUInstance,user49,vm258
2026-06-20 09:56:43,CreateBucket,user4,vm280
2026-06-20 22:02:48,TerminateInstance,user36,vm149
2026-06-20 20:34:28,PrivilegeEscalationAttempt,user35,vm486
2026-06-20 06:09:43,RunInstance,user14,vm371
2026-06-20 21:02:02,RunInstance,user33,vm215
2026-06-20 15:58:26,RunInstance,user13,vm124
2026-06-20 03:19:06,TerminateInstance,user11,vm250
2026-06-20 02:17:35,TerminateInstance,user37,vm343
2026-06-20 16:46:36,DeleteBucket,user4,vm104
2026-06-20 05:16:39,TerminateInstance,user6,vm173
2026-06-20 07:06:25,RunInstance,user48,vm418
2026-06-20 15:09:09,RunInstance,user48,vm290
2026-06-20 21:23:34,RunInstance,user8,vm457
2026-06-20 00:32:41,AssumeRole,user30,vm220
2026-06-20 12:06:43,TerminateInstance,user50,vm306
2026-06-20 15:35:25,TerminateInstance,user32,vm205
2026-06-20 05:52:18,RunInstance,user26,vm204
2026-06-20 04:19:08,RunHighCPUInstance,user28,vm224
2026-06-20 04:13:21,CreateBucket,user21,vm322
2026-06-20 13:30:33,RunInstance,user41,vm167
2026-06-20 05:18:56,CreateBucket,user4,vm159
2026-06-20 22:42:13,UpdateLaunchTemplate,user32,vm401
2026-06-20 02:52:55,CreateBucket,user18,vm155
2026-06-20 10:56:22,ExposeInstancePublicly,user19,vm372
2026-06-20 09:16:34,RunInstance,user14,vm129
2026-06-20 22:04:06,UpdateLaunchTemplate,user1,vm119
2026-06-20 19:56:15,CreateAutoScalingGroup,user48,vm351
2026-06-20 19:35:14,RunInstance,user25,vm482
2026-06-20 19:28:01,UpdateLaunchTemplate,user14,vm429
2026-06-20 09:21:13,RunInstance,user8,vm420
2026-06-20 06:48:15,CrossAccountAccess,user19,vm393
2026-06-20 08:33:49,CreateBucket,user45,vm268
2026-06-20 08:50:07,RunInstance,user47,vm215
2026-06-20 13:29:08,RunInstance,user4,vm228
2026-06-20 16:19:46,DeleteBucket,user42,vm421
2026-06-20 22:44:34,CreateBucket,user7,vm183
2026-06-20 19:34:28,UpdateLaunchTemplate,user49,vm402
2026-06-20 03:55:32,CreateAutoScalingGroup,user24,vm425
2026-06-20 18:29:20,TerminateInstance,user50,vm499
2026-06-20 01:02:14,CreateAutoScalingGroup,user44,vm353
2026-06-20 06:02:03,RunInstance,user12,vm337
2026-06-20 22:34:52,RunInstance,user37,vm394
2026-06-20 20:12:20,CreateAutoScalingGroup,user1,vm388
2026-06-20 15:17:45,DeleteBucket,user17,vm337
2026-06-20 23:37:19,TerminateInstance,user27,vm400
2026-06-20 04:16:54,CreateAutoScalingGroup,user2,vm120
2026-06-20 23:42:06,AttachVolume,user17,vm385
2026-06-20 15:57:38,AttachVolume,user49,vm416
2026-06-20 14:06:32,AssumeRole,user49,vm159
2026-06-20 16:32:51,RunHighCPUInstance,user50,vm381
2026-06-20 02:00:28,RunHighCPUInstance,user13,vm174
2026-06-20 20:00:48,CreateAutoScalingGroup,user20,vm445
2026-06-20 19:38:43,TerminateInstance,user14,vm284
2026-06-20 23:33:05,UpdateLaunchTemplate,user12,vm292
2026-06-20 16:46:16,RunInstance,user44,vm375
2026-06-20 10:50:11,RunInstance,user27,vm451
2026-06-20 09:24:50,DeleteBucket,user38,vm280
2026-06-20 11:55:44,CreateGPUCluster,user1,vm166
2026-06-20 18:07:44,TerminateInstance,user38,vm188
2026-06-20 03:29:32,AttachVolume,user12,vm309
2026-06-20 03:31:06,PrivilegeEscalationAttempt,user40,vm449
2026-06-20 20:03:09,CreateAutoScalingGroup,user18,vm109
2026-06-20 14:38:32,CreateAutoScalingGroup,user13,vm367
2026-06-20 06:34:49,TerminateInstance,user23,vm263
2026-06-20 13:50:38,CreateAutoScalingGroup,user15,vm381
2026-06-20 21:03:46,CrossAccountAccess,user40,vm168
2026-06-20 14:08:11,RunInstance,user5,vm183
2026-06-20 07:36:38,CreateBucket,user27,vm494
2026-06-20 10:14:25,RunInstance,user19,vm145
2026-06-20 02:44:23,AttachVolume,user49,vm232
2026-06-20 00:16:42,LaunchCryptoMiner,user47,vm223
2026-06-20 12:44:48,OpenSecurityGroup,user2,vm281
2026-06-20 02:49:48,TerminateInstance,user5,vm187
2026-06-20 16:32:19,CreatePublicLoadBalancer,user34,vm241
2026-06-20 20:28:59,RunHighCPUInstance,user4,vm449
2026-06-20 17:57:10,PrivilegeEscalationAttempt,user19,vm474
2026-06-20 16:36:57,OpenSecurityGroup,user14,vm333
2026-06-20 21:41:24,TerminateInstance,user4,vm483
2026-06-20 02:46:02,AssumeRole,user27,vm373
2026-06-20 16:46:13,CreateBucket,user45,vm396
2026-06-20 22:18:25,RunInstance,user40,vm268
2026-06-20 01:05:28,DeleteBucket,user28,vm341
2026-06-20 16:04:34,DeleteBucket,user32,vm439
2026-06-20 16:29:31,TerminateInstance,user15,vm209
2026-06-20 23:28:22,AttachVolume,user26,vm368
2026-06-20 17:08:45,RunInstance,user21,vm116
2026-06-20 21:52:20,RunInstance,user4,vm423
2026-06-20 00:00:02,CreateBucket,user30,vm392
2026-06-20 02:45:42,TerminateInstance,user28,vm458
2026-06-20 23:20:24,TerminateInstance,user24,vm309
2026-06-20 10:49:39,TerminateInstance,user48,vm224
2026-06-20 02:20:12,CreateBucket,user7,vm464
2026-06-20 00:28:48,RunInstance,user27,vm227
2026-06-20 17:41:16,RunInstance,user25,vm117
2026-06-20 15:33:44,AttachVolume,user4,vm487
2026-06-20 10:09:25,TerminateInstance,user50,vm457
2026-06-20 01:17:34,CreateBucket,user38,vm496
2026-06-20 03:02:33,TerminateInstance,user23,vm424
2026-06-20 16:56:10,RunInstance,user2,vm249
2026-06-20 23:04:58,CreateBucket,user3,vm347
2026-06-20 09:32:06,RunHighCPUInstance,user44,vm166
2026-06-20 09:01:08,TerminateInstance,user49,vm448
2026-06-20 05:54:20,CrossAccountAccess,user17,vm151
2026-06-20 10:10:11,CreateAutoScalingGroup,user37,vm482
2026-06-20 04:47:18,RunInstance,user40,vm245
2026-06-20 05:17:51,RunInstance,user30,vm432
2026-06-20 03:33:42,DeleteBucket,user7,vm360
2026-06-20 10:23:38,OpenSecurityGroup,user1,vm338
2026-06-20 05:51:07,CreateBucket,user6,vm340
2026-06-20 03:36:47,DeleteBucket,user13,vm416
2026-06-20 20:19:51,AttachVolume,user35,vm191
2026-06-20 00:27:27,UpdateLaunchTemplate,user3,vm218
2026-06-20 07:57:34,RunInstance,user29,vm480
2026-06-20 06:00:33,TerminateInstance,user19,vm396
2026-06-20 05:05:08,UpdateLaunchTemplate,user39,vm355
2026-06-20 13:15:20,TerminateInstance,user14,vm432
2026-06-20 08:28:23,DeleteBucket,user23,vm180
2026-06-20 16:58:17,AssumeRole,user47,vm427
2026-06-20 11:38:15,AttachVolume,user35,vm497
2026-06-20 17:01:38,CreateBucket,user31,vm252
2026-06-20 16:59:11,RunInstance,user38,vm448
2026-06-20 19:47:50,DeleteBucket,user21,vm256
2026-06-20 05:49:34,RunInstance,user33,vm473
2026-06-20 20:48:12,RunInstance,user30,vm105
2026-06-20 11:50:52,PrivilegeEscalationAttempt,user1,vm284
2026-06-20 22:22:02,TerminateInstance,user48,vm122
2026-06-20 02:26:23,DeleteBucket,user37,vm142
2026-06-20 06:10:13,AssumeRole,user7,vm443
2026-06-20 06:27:03,AttachVolume,user43,vm488
2026-06-20 06:16:25,CreateAutoScalingGroup,user25,vm209
2026-06-20 22:13:00,AssumeRole,user5,vm364
2026-06-20 04:10:31,TerminateInstance,user13,vm270
2026-06-20 22:47:03,RunInstance,user37,vm285
2026-06-20 22:56:44,UpdateLaunchTemplate,user16,vm326
2026-06-20 11:32:16,CreateBucket,user7,vm135
2026-06-20 01:58:06,RunInstance,user27,vm320
2026-06-20 02:23:10,RunInstance,user50,vm185
2026-06-20 03:20:34,PrivilegeEscalationAttempt,user5,vm109
2026-06-20 10:12:12,CreateAutoScalingGroup,user26,vm412
2026-06-20 01:41:13,TerminateInstance,user24,vm193
2026-06-20 17:02:49,AssumeRole,user13,vm194
2026-06-20 17:13:45,DeleteBucket,user47,vm470
2026-06-20 10:25:51,CreateBucket,user34,vm484
2026-06-20 09:28:26,ExposeInstancePublicly,user6,vm357
2026-06-20 10:05:29,CreateBucket,user12,vm243
2026-06-20 15:24:35,AttachVolume,user12,vm344
2026-06-20 18:42:27,AttachVolume,user25,vm272
2026-06-20 11:28:49,RunHighCPUInstance,user36,vm107
2026-06-20 16:25:39,LaunchCryptoMiner,user26,vm395
2026-06-20 13:28:53,DeleteBucket,user46,vm138
2026-06-20 04:13:51,RunInstance,user10,vm373
2026-06-20 15:11:01,TerminateInstance,user13,vm363
2026-06-20 15:22:36,CreateBucket,user36,vm104
2026-06-20 09:37:17,RunInstance,user40,vm149
2026-06-20 07:44:31,CreateGPUCluster,user28,vm175
2026-06-20 10:23:40,AssumeRole,user27,vm242
2026-06-20 15:33:50,CrossAccountAccess,user38,vm364
2026-06-20 03:15:46,PrivilegeEscalationAttempt,user17,vm343
2026-06-20 08:10:54,RunInstance,user3,vm341
2026-06-20 19:13:53,RunInstance,user48,vm457
2026-06-20 13:24:20,AttachVolume,user33,vm341
2026-06-20 21:12:21,TerminateInstance,user8,vm204
2026-06-20 01:23:30,RunInstance,user29,vm151
2026-06-20 21:40:25,ExposeInstancePublicly,user43,vm133
2026-06-20 15:52:34,CrossAccountAccess,user10,vm154
2026-06-20 12:47:11,RunInstance,user10,vm373
2026-06-20 17:15:50,TerminateInstance,user33,vm345
2026-06-20 23:01:00,RunInstance,user45,vm421
2026-06-20 22:01:45,TerminateInstance,user37,vm482
2026-06-20 04:34:54,OpenSecurityGroup,user22,vm142
2026-06-20 18:06:45,UpdateLaunchTemplate,user47,vm244
2026-06-20 06:52:53,CrossAccountAccess,user8,vm119
2026-06-20 04:52:30,TerminateInstance,user15,vm285
2026-06-20 17:19:19,CreateAutoScalingGroup,user40,vm235
2026-06-20 21:33:57,RunInstance,user11,vm364
2026-06-20 14:07:58,RunInstance,user24,vm316
2026-06-20 10:45:18,RunHighCPUInstance,user18,vm417
2026-06-20 14:04:28,TerminateInstance,user14,vm301
2026-06-20 14:54:43,TerminateInstance,user50,vm189
2026-06-20 12:24:41,RunInstance,user34,vm175
2026-06-20 00:35:28,TerminateInstance,user25,vm259
2026-06-20 09:02:35,CreateBucket,user38,vm173
2026-06-20 02:27:18,DeleteBucket,user6,vm267
2026-06-20 08:19:14,UpdateLaunchTemplate,user50,vm280
2026-06-20 22:58:15,TerminateInstance,user34,vm387
2026-06-20 16:38:17,RunInstance,user25,vm362
2026-06-20 10:25:21,TerminateInstance,user2,vm311
2026-06-20 21:16:53,RunInstance,user36,vm297
2026-06-20 09:29:07,TerminateInstance,user33,vm212
2026-06-20 23:09:36,UpdateLaunchTemplate,user2,vm447
2026-06-20 09:28:39,TerminateInstance,user44,vm312
2026-06-20 14:45:20,AttachVolume,user9,vm325
2026-06-20 08:38:10,RunInstance,user15,vm255
2026-06-20 05:26:37,RunInstance,user8,vm221
2026-06-20 15:04:33,TerminateInstance,user5,vm178
2026-06-20 14:09:03,CreateBucket,user12,vm249
2026-06-20 07:42:34,TerminateInstance,user41,vm425
2026-06-20 23:16:06,CreateAutoScalingGroup,user47,vm370
2026-06-20 09:47:17,UpdateLaunchTemplate,user4,vm107
2026-06-20 19:42:29,OpenSecurityGroup,user18,vm340
2026-06-20 15:37:42,PrivilegeEscalationAttempt,user28,vm170
2026-06-20 06:06:09,TerminateInstance,user18,vm119
2026-06-20 08:14:58,RunInstance,user21,vm272
2026-06-20 21:15:15,RunInstance,user23,vm222
2026-06-20 05:24:55,TerminateInstance,user20,vm288
2026-06-20 23:55:35,DeleteBucket,user29,vm449
2026-06-20 15:48:40,CreateAutoScalingGroup,user15,vm353
2026-06-20 10:21:29,AssumeRole,user28,vm398
2026-06-20 20:03:46,AssumeRole,user49,vm148
2026-06-20 15:17:43,CreateBucket,user9,vm405
2026-06-20 23:07:28,RunInstance,user11,vm155
2026-06-20 04:04:52,RunInstance,user28,vm426
2026-06-20 02:51:06,TerminateInstance,user13,vm443
2026-06-20 23:30:15,AttachVolume,user18,vm170
2026-06-20 11:21:52,DeleteBucket,user38,vm383
2026-06-20 05:58:42,CrossAccountAccess,user17,vm297
2026-06-20 10:11:57,RunInstance,user13,vm218
2026-06-20 08:23:39,CreateBucket,user17,vm452
2026-06-20 10:38:37,UpdateLaunchTemplate,user1,vm281
2026-06-20 17:28:45,RunInstance,user4,vm416
2026-06-20 16:46:36,TerminateInstance,user50,vm220
2026-06-20 14:14:00,RunHighCPUInstance,user14,vm414
2026-06-20 22:39:02,OpenSecurityGroup,user13,vm484
2026-06-20 14:04:47,RunInstance,user43,vm314
2026-06-20 01:56:36,RunInstance,user37,vm102
2026-06-20 15:24:33,AttachVolume,user36,vm377
2026-06-20 00:30:51,CreateBucket,user40,vm236
2026-06-20 23:05:43,CreateBucket,user33,vm158
2026-06-20 12:24:58,UpdateLaunchTemplate,user12,vm481
2026-06-20 13:03:13,TerminateInstance,user17,vm394
2026-06-20 16:18:50,LaunchCryptoMiner,user14,vm155
2026-06-20 20:38:52,RunInstance,user4,vm292
2026-06-20 08:44:09,UpdateLaunchTemplate,user26,vm325
2026-06-20 07:44:03,RunInstance,user40,vm382
2026-06-20 13:38:28,DeleteBucket,user26,vm247
2026-06-20 18:04:33,AttachVolume,user43,vm176
2026-06-20 11:15:53,CreateBucket,user35,vm382
2026-06-20 09:26:28,CreateBucket,user13,vm408
2026-06-20 18:19:19,CreateGPUCluster,user27,vm185
2026-06-20 08:58:39,UpdateLaunchTemplate,user20,vm351
2026-06-20 21:01:59,TerminateInstance,user6,vm475
2026-06-20 11:26:48,CreateAutoScalingGroup,user45,vm341
2026-06-20 13:42:11,AssumeRole,user35,vm297
2026-06-20 02:52:38,TerminateInstance,user17,vm435
2026-06-20 08:14:43,TerminateInstance,user27,vm284
2026-06-20 18:21:24,RunInstance,user16,vm447
2026-06-20 10:36:22,RunInstance,user21,vm198
2026-06-20 10:59:13,RunInstance,user2,vm307
2026-06-20 03:15:19,AttachVolume,user24,vm129
2026-06-20 10:16:18,RunInstance,user46,vm449
2026-06-20 06:32:59,TerminateInstance,user15,vm108
2026-06-20 14:28:08,RunInstance,user24,vm494
2026-06-20 18:22:35,RunInstance,user6,vm443
2026-06-20 08:10:46,TerminateInstance,user30,vm201
2026-06-20 06:28:59,TerminateInstance,user23,vm466
2026-06-20 03:10:38,AttachVolume,user48,vm256
2026-06-20 17:30:05,RunInstance,user27,vm317
2026-06-20 02:54:34,RunInstance,user15,vm179
2026-06-20 12:55:16,TerminateInstance,user19,vm318
2026-06-20 13:43:20,TerminateInstance,user18,vm249
2026-06-20 23:52:33,CreateBucket,user26,vm151
2026-06-20 05:18:26,UpdateLaunchTemplate,user16,vm284
2026-06-20 13:48:51,AttachVolume,user18,vm265
2026-06-20 22:26:20,CreateBucket,user21,vm294
2026-06-20 04:37:22,DeleteBucket,user50,vm417
2026-06-20 23:30:16,RunInstance,user42,vm171
2026-06-20 16:36:54,RunInstance,user30,vm419
2026-06-20 20:11:54,CreateGPUCluster,user21,vm305
2026-06-20 13:37:46,RunInstance,user13,vm110
2026-06-20 22:18:41,RunInstance,user16,vm244
2026-06-20 01:44:26,UpdateLaunchTemplate,user25,vm281
2026-06-20 01:40:43,LaunchCryptoMiner,user44,vm499
2026-06-20 05:41:14,LaunchCryptoMiner,user39,vm194
2026-06-20 16:07:38,TerminateInstance,user43,vm465
2026-06-20 23:31:52,TerminateInstance,user32,vm153
2026-06-20 17:35:38,CreateAutoScalingGroup,user49,vm321
2026-06-20 11:20:25,UpdateLaunchTemplate,user21,vm202
2026-06-20 17:28:11,CreateAutoScalingGroup,user30,vm168
2026-06-20 01:39:16,CrossAccountAccess,user47,vm268
2026-06-20 03:23:21,RunInstance,user11,vm302
2026-06-20 06:08:27,CreateBucket,user23,vm133
2026-06-20 13:25:20,RunInstance,user24,vm154
2026-06-20 11:06:49,CreateAutoScalingGroup,user39,vm453
2026-06-20 18:53:28,TerminateInstance,user50,vm451
2026-06-20 11:24:46,TerminateInstance,user49,vm169
2026-06-20 04:32:52,CreateAutoScalingGroup,user50,vm200
2026-06-20 18:18:11,TerminateInstance,user26,vm111
2026-06-20 21:49:42,CreateAutoScalingGroup,user49,vm405
2026-06-20 09:34:10,LaunchCryptoMiner,user40,vm160
2026-06-20 01:37:11,RunInstance,user5,vm222
2026-06-20 20:12:27,DeleteBucket,user26,vm108
2026-06-20 09:28:19,CreateBucket,user24,vm122
2026-06-20 16:51:20,RunInstance,user23,vm355
2026-06-20 09:18:25,AttachVolume,user13,vm185
2026-06-20 06:58:27,PrivilegeEscalationAttempt,user10,vm383
2026-06-20 14:10:47,ExposeInstancePublicly,user45,vm326
2026-06-20 15:06:16,DeleteBucket,user13,vm470
2026-06-20 07:34:45,TerminateInstance,user19,vm484
2026-06-20 20:19:01,RunInstance,user42,vm258
2026-06-20 05:47:21,TerminateInstance,user5,vm435
2026-06-20 22:24:30,CreateAutoScalingGroup,user32,vm476
2026-06-20 22:52:16,CrossAccountAccess,user13,vm439
2026-06-20 22:34:04,CreateAutoScalingGroup,user6,vm101
2026-06-20 14:20:09,CreateAutoScalingGroup,user2,vm481
2026-06-20 06:01:02,CreateAutoScalingGroup,user10,vm334
2026-06-20 01:00:17,CreateBucket,user10,vm264
2026-06-20 16:57:06,TerminateInstance,user43,vm348
2026-06-20 13:07:38,RunInstance,user22,vm411
2026-06-20 20:09:09,RunInstance,user49,vm161
2026-06-20 16:01:18,RunInstance,user6,vm118
2026-06-20 05:31:40,RunInstance,user31,vm151
2026-06-20 19:41:30,ExposeInstancePublicly,user1,vm427
2026-06-20 21:18:21,RunInstance,user48,vm162
2026-06-20 23:40:43,UpdateLaunchTemplate,user28,vm449
2026-06-20 13:43:07,TerminateInstance,user21,vm462
2026-06-20 07:23:14,CreateBucket,user31,vm148
2026-06-20 02:14:51,TerminateInstance,user16,vm422
2026-06-20 07:21:22,LaunchCryptoMiner,user25,vm310
2026-06-20 14:57:39,RunInstance,user48,vm264
2026-06-20 04:45:05,AttachVolume,user10,vm464
2026-06-20 22:06:28,UpdateLaunchTemplate,user9,vm239
2026-06-20 03:48:18,AssumeRole,user7,vm203
2026-06-20 08:56:26,AttachVolume,user36,vm373
2026-06-20 02:49:48,DeleteBucket,user46,vm289
2026-06-20 13:08:34,RunHighCPUInstance,user18,vm303
2026-06-20 17:35:03,OpenSecurityGroup,user42,vm427
2026-06-20 00:29:00,LaunchCryptoMiner,user41,vm411
2026-06-20 04:21:43,TerminateInstance,user50,vm236
2026-06-20 04:59:38,DeleteBucket,user19,vm117
2026-06-20 03:48:53,ExposeInstancePublicly,user12,vm334
2026-06-20 07:04:03,RunInstance,user13,vm281
2026-06-20 16:29:07,AttachVolume,user23,vm242
2026-06-20 19:45:40,AssumeRole,user40,vm238
2026-06-20 15:25:13,DeleteBucket,user41,vm209
2026-06-20 01:53:31,RunInstance,user40,vm312
2026-06-20 23:53:13,AttachVolume,user43,vm116
2026-06-20 21:31:32,RunInstance,user18,vm312
2026-06-20 08:09:04,RunInstance,user29,vm189
2026-06-20 05:11:47,CreateBucket,user19,vm233
2026-06-20 18:26:35,UpdateLaunchTemplate,user14,vm414
2026-06-20 01:53:28,TerminateInstance,user7,vm110
2026-06-20 11:19:52,CreateBucket,user16,vm432
2026-06-20 02:49:51,OpenSecurityGroup,user33,vm363
2026-06-20 20:45:35,AttachVolume,user27,vm154
2026-06-20 08:51:50,PrivilegeEscalationAttempt,user34,vm215
2026-06-20 16:35:50,TerminateInstance,user49,vm220
2026-06-20 07:25:42,RunInstance,user40,vm472
2026-06-20 08:18:00,RunHighCPUInstance,user20,vm279
2026-06-20 02:07:12,AttachVolume,user49,vm187
2026-06-20 23:36:17,UpdateLaunchTemplate,user48,vm247
2026-06-20 14:50:43,TerminateInstance,user5,vm496
2026-06-20 10:18:50,RunInstance,user21,vm481
2026-06-20 19:57:45,DeleteBucket,user30,vm312
2026-06-20 05:05:16,TerminateInstance,user49,vm481
2026-06-20 02:37:30,CreatePublicLoadBalancer,user27,vm129
2026-06-20 02:45:52,ExposeInstancePublicly,user41,vm461
2026-06-20 18:00:11,RunInstance,user26,vm424
2026-06-20 15:55:32,TerminateInstance,user48,vm462
2026-06-20 12:16:58,TerminateInstance,user36,vm233
2026-06-20 06:53:48,TerminateInstance,user22,vm414
2026-06-20 14:17:44,ExposeInstancePublicly,user14,vm214
2026-06-20 19:33:04,TerminateInstance,user14,vm245
2026-06-20 12:40:19,RunInstance,user3,vm488
2026-06-20 02:48:09,TerminateInstance,user6,vm165
2026-06-20 09:27:46,CreateBucket,user11,vm414
2026-06-20 09:19:46,TerminateInstance,user46,vm263
2026-06-20 16:37:30,DeleteBucket,user46,vm210
2026-06-20 18:23:38,UpdateLaunchTemplate,user21,vm305
2026-06-20 00:11:09,ExposeInstancePublicly,user15,vm189
2026-06-20 01:31:19,CreateAutoScalingGroup,user13,vm144
2026-06-20 20:25:53,AttachVolume,user20,vm126
2026-06-20 02:17:18,TerminateInstance,user37,vm329
2026-06-20 00:52:05,AttachVolume,user44,vm113
2026-06-20 14:23:33,AssumeRole,user12,vm366
2026-06-20 08:57:27,TerminateInstance,user9,vm186
2026-06-20 19:50:24,CreateAutoScalingGroup,user15,vm411
2026-06-20 01:06:25,RunInstance,user2,vm434
2026-06-20 10:32:43,RunInstance,user6,vm119
2026-06-20 21:15:57,CreateAutoScalingGroup,user27,vm108
2026-06-20 00:29:20,DeleteBucket,user25,vm104
2026-06-20 17:31:22,CrossAccountAccess,user26,vm417
2026-06-20 13:56:02,UpdateLaunchTemplate,user1,vm284
2026-06-20 01:01:44,DeleteBucket,user4,vm329
2026-06-20 11:33:06,TerminateInstance,user21,vm330
2026-06-20 17:51:58,OpenSecurityGroup,user7,vm286
2026-06-20 14:45:22,CreateAutoScalingGroup,user5,vm283
2026-06-20 00:12:06,AttachVolume,user36,vm199
2026-06-20 23:02:42,TerminateInstance,user3,vm187
2026-06-20 14:39:16,RunInstance,user40,vm295
2026-06-20 05:38:15,RunInstance,user21,vm261
2026-06-20 15:57:10,TerminateInstance,user10,vm405
2026-06-20 13:39:33,CreateAutoScalingGroup,user18,vm417
2026-06-20 06:52:41,DeleteBucket,user8,vm394
2026-06-20 17:48:36,CreatePublicLoadBalancer,user27,vm460
2026-06-20 08:45:19,RunInstance,user8,vm410
2026-06-20 14:45:36,CrossAccountAccess,user3,vm156
2026-06-20 09:22:16,RunInstance,user11,vm167
2026-06-20 04:38:46,AssumeRole,user13,vm359
2026-06-20 09:10:48,AttachVolume,user1,vm439
2026-06-20 03:27:00,RunInstance,user36,vm242
2026-06-20 06:02:31,RunInstance,user9,vm382
2026-06-20 05:58:38,PrivilegeEscalationAttempt,user22,vm114
2026-06-20 05:11:50,AssumeRole,user29,vm267
2026-06-20 07:40:44,TerminateInstance,user46,vm308
2026-06-20 19:26:53,PrivilegeEscalationAttempt,user31,vm146
2026-06-20 22:51:36,RunInstance,user3,vm205
2026-06-20 00:50:28,UpdateLaunchTemplate,user21,vm294
2026-06-20 23:25:08,TerminateInstance,user6,vm423
2026-06-20 11:19:29,DeleteBucket,user26,vm448
2026-06-20 07:49:27,LaunchCryptoMiner,user5,vm247
2026-06-20 01:17:58,DeleteBucket,user33,vm499
2026-06-20 00:36:37,RunInstance,user23,vm376
2026-06-20 08:48:18,DeleteBucket,user4,vm221
2026-06-20 01:01:38,RunInstance,user23,vm190
2026-06-20 10:23:42,LaunchCryptoMiner,user15,vm387
2026-06-20 15:32:05,LaunchCryptoMiner,user40,vm201
2026-06-20 04:20:07,AttachVolume,user34,vm474
2026-06-20 10:10:27,TerminateInstance,user11,vm171
2026-06-20 00:14:14,TerminateInstance,user7,vm191
2026-06-20 08:50:05,DeleteBucket,user29,vm173
2026-06-20 22:03:25,RunHighCPUInstance,user34,vm142
2026-06-20 11:56:45,DeleteBucket,user31,vm461
2026-06-20 21:12:21,RunInstance,user38,vm209
2026-06-20 15:28:53,TerminateInstance,user29,vm225
2026-06-20 05:25:46,AttachVolume,user44,vm366
2026-06-20 12:03:31,CreateAutoScalingGroup,user6,vm316
2026-06-20 17:07:32,RunInstance,user31,vm478
2026-06-20 04:48:15,CreateBucket,user35,vm139
2026-06-20 09:32:12,AttachVolume,user49,vm470
2026-06-20 23:54:23,CreateAutoScalingGroup,user39,vm244
2026-06-20 23:16:35,CreateBucket,user20,vm370
2026-06-20 21:57:14,CreateGPUCluster,user30,vm454
2026-06-20 10:52:22,TerminateInstance,user36,vm139
2026-06-20 02:25:54,LaunchCryptoMiner,user9,vm131
2026-06-20 11:03:17,TerminateInstance,user5,vm261
2026-06-20 08:28:23,RunInstance,user3,vm387
2026-06-20 19:37:49,AttachVolume,user18,vm181
2026-06-20 08:55:23,CreateAutoScalingGroup,user35,vm380
2026-06-20 14:51:50,RunInstance,user17,vm424
2026-06-20 22:15:42,CreateBucket,user14,vm294
2026-06-20 13:20:36,RunInstance,user46,vm205
2026-06-20 05:28:23,RunInstance,user9,vm222
2026-06-20 23:38:25,RunHighCPUInstance,user40,vm432
2026-06-20 15:23:04,RunInstance,user17,vm430
2026-06-20 08:13:42,RunInstance,user23,vm443
2026-06-20 16:25:06,DeleteBucket,user4,vm462
2026-06-20 18:09:00,RunInstance,user48,vm380
2026-06-20 07:24:38,AttachVolume,user14,vm341
2026-06-20 01:31:47,RunInstance,user9,vm277
2026-06-20 16:57:38,DeleteBucket,user17,vm493
2026-06-20 08:07:13,CreateGPUCluster,user28,vm255
2026-06-20 17:38:44,CrossAccountAccess,user2,vm323
2026-06-20 08:48:08,TerminateInstance,user7,vm341
2026-06-20 01:26:42,AttachVolume,user11,vm287
2026-06-20 07:50:28,LaunchCryptoMiner,user24,vm481
2026-06-20 19:35:25,OpenSecurityGroup,user34,vm238
2026-06-20 19:58:21,DeleteBucket,user20,vm152
2026-06-20 21:27:32,RunInstance,user12,vm304
2026-06-20 16:36:23,DeleteBucket,user10,vm184
2026-06-20 12:36:13,RunInstance,user21,vm477
2026-06-20 21:10:37,AssumeRole,user36,vm214
2026-06-20 03:25:45,UpdateLaunchTemplate,user39,vm354
2026-06-20 13:12:03,CreateAutoScalingGroup,user23,vm380
2026-06-20 13:14:54,CreateAutoScalingGroup,user16,vm267
2026-06-20 05:09:11,CreateAutoScalingGroup,user46,vm414
2026-06-20 16:36:43,PrivilegeEscalationAttempt,user33,vm140
2026-06-20 08:07:22,RunInstance,user44,vm395
2026-06-20 07:39:07,RunInstance,user46,vm419
2026-06-20 10:01:56,DeleteBucket,user14,vm218
2026-06-20 22:38:56,RunInstance,user37,vm248
2026-06-20 18:17:10,AssumeRole,user46,vm129
2026-06-20 09:31:44,TerminateInstance,user42,vm383
2026-06-20 12:39:23,UpdateLaunchTemplate,user38,vm428
2026-06-20 11:20:47,RunInstance,user35,vm281
2026-06-20 22:37:16,RunInstance,user7,vm124
2026-06-20 19:12:47,ExposeInstancePublicly,user39,vm485
2026-06-20 13:09:19,CreateBucket,user19,vm298
2026-06-20 01:20:51,UpdateLaunchTemplate,user31,vm411
2026-06-20 12:26:30,RunInstance,user44,vm297
2026-06-20 04:57:32,RunInstance,user4,vm376
2026-06-20 12:53:40,RunInstance,user47,vm136
2026-06-20 11:31:35,LaunchCryptoMiner,user33,vm371
2026-06-20 20:48:06,CreateBucket,user41,vm424
2026-06-20 06:58:50,UpdateLaunchTemplate,user22,vm181
2026-06-20 11:00:36,AttachVolume,user23,vm273
2026-06-20 21:10:17,CreateBucket,user33,vm477
2026-06-20 10:18:44,DeleteBucket,user2,vm212
2026-06-20 19:15:39,TerminateInstance,user13,vm280
2026-06-20 13:53:56,LaunchCryptoMiner,user43,vm405
2026-06-20 02:46:59,AttachVolume,user26,vm389
2026-06-20 09:07:45,UpdateLaunchTemplate,user24,vm201
2026-06-20 00:47:24,RunInstance,user27,vm485
2026-06-20 04:36:03,RunInstance,user8,vm456
2026-06-20 20:00:47,CreateAutoScalingGroup,user22,vm449
2026-06-20 03:23:19,CreateGPUCluster,user5,vm482
2026-06-20 00:12:49,CreateAutoScalingGroup,user15,vm261
2026-06-20 10:20:02,CreateAutoScalingGroup,user13,vm417
2026-06-20 03:49:00,TerminateInstance,user25,vm435
2026-06-20 15:50:33,PrivilegeEscalationAttempt,user47,vm319
2026-06-20 01:16:50,TerminateInstance,user19,vm272
2026-06-20 20:41:06,LaunchCryptoMiner,user48,vm420
2026-06-20 18:49:19,RunInstance,user39,vm346
2026-06-20 21:31:56,CreateAutoScalingGroup,user48,vm490
2026-06-20 20:10:37,TerminateInstance,user38,vm431
2026-06-20 01:02:54,AttachVolume,user30,vm390
2026-06-20 01:26:36,UpdateLaunchTemplate,user38,vm464
2026-06-20 12:12:00,TerminateInstance,user11,vm101
2026-06-20 13:44:14,DeleteBucket,user15,vm156
2026-06-20 17:59:11,DeleteBucket,user28,vm136
2026-06-20 23:21:59,CrossAccountAccess,user39,vm383
2026-06-20 05:03:02,CreateAutoScalingGroup,user19,vm372
2026-06-20 05:48:09,AttachVolume,user24,vm404
2026-06-20 20:40:16,RunInstance,user6,vm486
2026-06-20 14:55:55,TerminateInstance,user5,vm157
2026-06-20 10:06:51,AssumeRole,user19,vm198
2026-06-20 00:37:03,RunInstance,user43,vm192
2026-06-20 09:11:37,PrivilegeEscalationAttempt,user10,vm182
2026-06-20 12:45:49,TerminateInstance,user50,vm274
2026-06-20 00:43:29,PrivilegeEscalationAttempt,user33,vm413
2026-06-20 20:44:04,RunInstance,user10,vm193
2026-06-20 08:06:09,LaunchCryptoMiner,user4,vm251
2026-06-20 20:35:17,DeleteBucket,user50,vm217
2026-06-20 18:47:24,RunInstance,user22,vm117
2026-06-20 10:11:00,PrivilegeEscalationAttempt,user49,vm301
2026-06-20 03:22:02,AttachVolume,user10,vm115
2026-06-20 00:21:30,RunInstance,user29,vm434
2026-06-20 20:06:16,AssumeRole,user25,vm251
2026-06-20 21:13:55,RunInstance,user18,vm357
2026-06-20 12:08:45,RunInstance,user1,vm493
2026-06-20 03:47:20,RunHighCPUInstance,user13,vm152
2026-06-20 08:07:47,CreatePublicLoadBalancer,user48,vm408
2026-06-20 00:46:23,CreateAutoScalingGroup,user5,vm126
2026-06-20 06:20:06,UpdateLaunchTemplate,user9,vm110
2026-06-20 07:42:46,DeleteBucket,user39,vm364
2026-06-20 00:29:47,TerminateInstance,user18,vm366
2026-06-20 19:38:22,DeleteBucket,user9,vm362
2026-06-20 08:12:03,PrivilegeEscalationAttempt,user47,vm238
2026-06-20 01:40:04,RunInstance,user37,vm167
2026-06-20 18:34:12,RunInstance,user15,vm464
2026-06-20 11:43:37,CreateGPUCluster,user22,vm459
2026-06-20 13:51:19,RunInstance,user13,vm299
2026-06-20 02:03:41,UpdateLaunchTemplate,user15,vm356
2026-06-20 13:05:59,CreateBucket,user8,vm121
2026-06-20 12:30:06,RunInstance,user18,vm260
2026-06-20 11:56:54,UpdateLaunchTemplate,user7,vm468
2026-06-20 07:35:53,DeleteBucket,user2,vm123
2026-06-20 06:43:19,DeleteBucket,user6,vm228
2026-06-20 07:35:02,RunInstance,user18,vm399
2026-06-20 07:42:48,RunInstance,user38,vm431
2026-06-20 12:46:05,RunInstance,user17,vm192
2026-06-20 17:32:01,TerminateInstance,user35,vm108
2026-06-20 21:22:57,RunInstance,user6,vm227
2026-06-20 10:59:58,UpdateLaunchTemplate,user19,vm393
2026-06-20 13:21:26,TerminateInstance,user31,vm478
2026-06-20 05:21:19,PrivilegeEscalationAttempt,user30,vm110
2026-06-20 14:53:00,CrossAccountAccess,user27,vm324
2026-06-20 14:48:49,CreateAutoScalingGroup,user49,vm146
2026-06-20 20:11:17,AssumeRole,user49,vm267
2026-06-20 18:29:01,RunInstance,user13,vm333
2026-06-20 06:48:19,CreateAutoScalingGroup,user47,vm298
2026-06-20 20:52:42,UpdateLaunchTemplate,user3,vm444
2026-06-20 19:24:59,PrivilegeEscalationAttempt,user24,vm209
2026-06-20 16:29:00,TerminateInstance,user16,vm437
2026-06-20 03:13:21,CreateAutoScalingGroup,user7,vm288
2026-06-20 03:25:58,RunInstance,user5,vm387
2026-06-20 23:47:12,RunInstance,user49,vm372
2026-06-20 20:57:52,CrossAccountAccess,user1,vm438
2026-06-20 06:41:42,TerminateInstance,user14,vm252
2026-06-20 10:47:28,UpdateLaunchTemplate,user43,vm387
2026-06-20 01:45:33,ExposeInstancePublicly,user7,vm311
2026-06-20 16:53:58,RunInstance,user41,vm297
2026-06-20 19:20:15,ExposeInstancePublicly,user33,vm120
2026-06-20 20:38:25,CreateAutoScalingGroup,user24,vm393
2026-06-20 23:57:48,TerminateInstance,user2,vm161
2026-06-20 23:41:01,DeleteBucket,user17,vm259
2026-06-20 18:54:08,RunInstance,user43,vm336
2026-06-20 12:46:15,TerminateInstance,user3,vm182
2026-06-20 15:29:43,DeleteBucket,user14,vm468
2026-06-20 04:38:12,CrossAccountAccess,user41,vm159
2026-06-20 21:16:09,RunInstance,user34,vm218
2026-06-20 18:50:49,CrossAccountAccess,user4,vm234
2026-06-20 12:13:52,CreateAutoScalingGroup,user20,vm227
2026-06-20 11:30:45,RunInstance,user27,vm427
2026-06-20 10:44:52,LaunchCryptoMiner,user38,vm387
2026-06-20 05:14:36,RunInstance,user32,vm469
2026-06-20 07:32:37,UpdateLaunchTemplate,user41,vm161
2026-06-20 16:51:08,DeleteBucket,user19,vm331
2026-06-20 20:27:37,RunInstance,user50,vm102
2026-06-20 02:37:03,TerminateInstance,user31,vm281
2026-06-20 20:14:25,UpdateLaunchTemplate,user17,vm105
2026-06-20 08:29:26,UpdateLaunchTemplate,user30,vm156
2026-06-20 23:47:40,TerminateInstance,user40,vm344
2026-06-20 04:12:42,CreateBucket,user33,vm385
2026-06-20 23:09:45,RunInstance,user6,vm287
2026-06-20 08:00:46,RunInstance,user13,vm445
2026-06-20 22:24:28,TerminateInstance,user31,vm390
2026-06-20 07:04:59,UpdateLaunchTemplate,user15,vm261
2026-06-20 12:27:09,RunInstance,user8,vm133
2026-06-20 08:22:30,CreatePublicLoadBalancer,user25,vm213
2026-06-20 10:52:17,CreateBucket,user17,vm276
2026-06-20 09:36:33,TerminateInstance,user46,vm120
2026-06-20 05:02:26,RunInstance,user46,vm171
2026-06-20 21:42:59,TerminateInstance,user33,vm245
2026-06-20 13:39:10,TerminateInstance,user4,vm272
2026-06-20 07:15:13,AttachVolume,user1,vm274
2026-06-20 22:26:23,CrossAccountAccess,user31,vm402
2026-06-20 05:10:11,CreatePublicLoadBalancer,user15,vm286
2026-06-20 06:56:52,TerminateInstance,user20,vm403
2026-06-20 04:23:22,TerminateInstance,user39,vm176
2026-06-20 07:22:30,RunInstance,user8,vm134
2026-06-20 01:56:18,TerminateInstance,user12,vm453
2026-06-20 17:30:24,CreateBucket,user46,vm102
2026-06-20 07:21:51,UpdateLaunchTemplate,user38,vm388
2026-06-20 00:31:04,RunInstance,user33,vm157
2026-06-20 04:00:12,CreateBucket,user22,vm430
2026-06-20 11:02:13,AttachVolume,user39,vm184
2026-06-20 12:44:32,CreateAutoScalingGroup,user9,vm398
2026-06-20 09:11:39,AttachVolume,user44,vm119
2026-06-20 07:41:57,DeleteBucket,user11,vm330
2026-06-20 13:24:33,TerminateInstance,user47,vm125
2026-06-20 23:53:33,TerminateInstance,user16,vm455
2026-06-20 19:51:00,CreateAutoScalingGroup,user46,vm121
2026-06-20 01:01:47,RunInstance,user21,vm330
2026-06-20 16:36:10,TerminateInstance,user45,vm385
2026-06-20 10:39:44,CreateAutoScalingGroup,user5,vm431
2026-06-20 10:52:26,CreateBucket,user12,vm354
2026-06-20 08:51:11,RunInstance,user48,vm497
2026-06-20 16:20:45,RunInstance,user46,vm314
2026-06-20 10:19:05,RunInstance,user27,vm476
2026-06-20 04:35:45,RunInstance,user48,vm318
2026-06-20 11:56:29,UpdateLaunchTemplate,user37,vm212
2026-06-20 17:22:20,OpenSecurityGroup,user28,vm200
2026-06-20 09:28:02,RunInstance,user19,vm459
2026-06-20 12:17:29,CreateAutoScalingGroup,user13,vm255
2026-06-20 16:16:50,RunHighCPUInstance,user49,vm390
2026-06-20 20:44:24,AttachVolume,user23,vm233
2026-06-20 13:04:56,CreatePublicLoadBalancer,user30,vm206
2026-06-20 20:01:46,CreateBucket,user44,vm451
2026-06-20 08:46:45,CreateAutoScalingGroup,user26,vm391
2026-06-20 21:52:43,CreatePublicLoadBalancer,user16,vm432
2026-06-20 07:41:46,RunInstance,user32,vm492
2026-06-20 20:12:27,TerminateInstance,user14,vm418
2026-06-20 08:43:24,CreateGPUCluster,user2,vm474
2026-06-20 15:33:45,RunHighCPUInstance,user40,vm201
2026-06-20 13:28:58,CreateAutoScalingGroup,user40,vm354
2026-06-20 16:00:22,CreateAutoScalingGroup,user28,vm374
2026-06-20 11:54:38,TerminateInstance,user16,vm289
2026-06-20 00:25:45,DeleteBucket,user9,vm483
2026-06-20 01:00:39,RunInstance,user11,vm133
2026-06-20 01:09:20,UpdateLaunchTemplate,user29,vm317
2026-06-20 14:54:21,RunInstance,user4,vm459
2026-06-20 05:06:08,AttachVolume,user11,vm339
2026-06-20 20:09:59,CreateAutoScalingGroup,user47,vm186
2026-06-20 23:17:15,TerminateInstance,user39,vm267
2026-06-20 22:09:57,AttachVolume,user44,vm453
2026-06-20 01:11:07,TerminateInstance,user15,vm404
2026-06-20 20:43:14,AttachVolume,user34,vm196
2026-06-20 01:33:41,TerminateInstance,user27,vm193
2026-06-20 08:21:36,TerminateInstance,user36,vm419
2026-06-20 00:50:23,TerminateInstance,user21,vm276
2026-06-20 20:54:03,CreateBucket,user40,vm105
2026-06-20 12:21:00,RunInstance,user41,vm191
2026-06-20 08:24:41,AttachVolume,user40,vm170
2026-06-20 18:20:45,AttachVolume,user45,vm300
2026-06-20 23:00:06,DeleteBucket,user9,vm390
2026-06-20 21:20:26,CreateBucket,user2,vm279
2026-06-20 10:15:27,CreateBucket,user14,vm159
2026-06-20 21:40:20,AttachVolume,user27,vm415
2026-06-20 12:46:50,TerminateInstance,user18,vm417
2026-06-20 14:16:36,PrivilegeEscalationAttempt,user37,vm180
2026-06-20 22:59:03,CreateBucket,user43,vm368
2026-06-20 23:04:10,CreateBucket,user7,vm394
2026-06-20 00:08:36,LaunchCryptoMiner,user26,vm314
2026-06-20 18:20:35,CreateAutoScalingGroup,user23,vm175
2026-06-20 10:00:37,DeleteBucket,user6,vm197
2026-06-20 03:36:01,RunInstance,user17,vm206
2026-06-20 17:36:08,AttachVolume,user19,vm321
2026-06-20 08:41:23,AttachVolume,user34,vm361
2026-06-20 06:16:11,RunInstance,user39,vm147
2026-06-20 22:31:24,AttachVolume,user41,vm444
2026-06-20 10:45:23,RunInstance,user22,vm468
2026-06-20 23:15:17,RunInstance,user29,vm145
2026-06-20 08:45:54,RunInstance,user26,vm103
2026-06-20 18:03:31,RunInstance,user40,vm249
2026-06-20 23:28:34,TerminateInstance,user43,vm296
2026-06-20 03:18:24,ExposeInstancePublicly,user12,vm249
2026-06-20 03:02:07,CrossAccountAccess,user47,vm304
2026-06-20 19:12:32,TerminateInstance,user17,vm493
2026-06-20 12:41:14,RunHighCPUInstance,user5,vm202
2026-06-20 04:23:54,AssumeRole,user38,vm171
2026-06-20 09:09:12,CreateGPUCluster,user27,vm329
2026-06-20 14:57:41,OpenSecurityGroup,user14,vm112
2026-06-20 12:32:32,RunInstance,user47,vm252
2026-06-20 21:37:52,TerminateInstance,user7,vm479
2026-06-20 22:52:53,UpdateLaunchTemplate,user27,vm224
2026-06-20 16:57:24,AttachVolume,user1,vm167
2026-06-20 19:06:14,RunInstance,user15,vm461
2026-06-20 06:14:22,DeleteBucket,user49,vm196
2026-06-20 23:30:34,RunHighCPUInstance,user26,vm103
2026-06-20 09:53:54,AttachVolume,user3,vm103
2026-06-20 23:03:21,AttachVolume,user34,vm328
2026-06-20 03:19:33,CrossAccountAccess,user11,vm109
2026-06-20 02:30:47,CreateBucket,user35,vm400
2026-06-20 10:47:07,UpdateLaunchTemplate,user43,vm359
2026-06-20 04:41:37,RunInstance,user18,vm103
2026-06-20 05:18:28,DeleteBucket,user35,vm208
2026-06-20 04:20:49,RunInstance,user9,vm127
2026-06-20 10:17:34,CreateBucket,user39,vm417
2026-06-20 19:25:18,CrossAccountAccess,user26,vm218
2026-06-20 23:41:15,AttachVolume,user23,vm357
2026-06-20 16:06:04,DeleteBucket,user45,vm425
2026-06-20 11:07:50,AttachVolume,user49,vm161
2026-06-20 05:27:32,RunInstance,user27,vm490
2026-06-20 14:07:34,CreateAutoScalingGroup,user28,vm427
2026-06-20 19:20:17,RunInstance,user42,vm111
2026-06-20 04:54:16,RunInstance,user43,vm287
2026-06-20 22:20:40,RunInstance,user15,vm354
2026-06-20 11:33:05,RunInstance,user45,vm414
2026-06-20 15:52:31,CreatePublicLoadBalancer,user24,vm391
2026-06-20 19:23:27,TerminateInstance,user13,vm413
2026-06-20 04:23:07,DeleteBucket,user24,vm420
2026-06-20 14:14:56,DeleteBucket,user36,vm281
2026-06-20 17:32:25,CreateBucket,user24,vm233
2026-06-20 07:29:33,ExposeInstancePublicly,user29,vm425
2026-06-20 12:05:37,RunInstance,user11,vm202
2026-06-20 07:27:12,DeleteBucket,user3,vm308
2026-06-20 11:41:16,RunInstance,user35,vm306
2026-06-20 01:27:41,RunInstance,user10,vm112
2026-06-20 21:05:29,DeleteBucket,user26,vm446
2026-06-20 16:54:27,CrossAccountAccess,user42,vm449
2026-06-20 23:25:19,ExposeInstancePublicly,user44,vm444
2026-06-20 10:03:04,UpdateLaunchTemplate,user26,vm190
2026-06-20 23:38:58,UpdateLaunchTemplate,user14,vm151
2026-06-20 21:05:38,UpdateLaunchTemplate,user1,vm401
2026-06-20 15:41:25,CreateBucket,user20,vm198
2026-06-20 12:44:59,DeleteBucket,user34,vm409
2026-06-20 02:52:25,TerminateInstance,user15,vm161
2026-06-20 03:40:55,UpdateLaunchTemplate,user37,vm415
2026-06-20 14:16:59,CreateBucket,user27,vm275
2026-06-20 01:42:29,AttachVolume,user50,vm498
2026-06-20 16:12:39,UpdateLaunchTemplate,user6,vm247
2026-06-20 15:14:39,CreatePublicLoadBalancer,user14,vm304
2026-06-20 20:47:04,AttachVolume,user33,vm474
2026-06-20 00:42:58,CreateBucket,user36,vm252
2026-06-20 10:09:00,RunInstance,user6,vm250
2026-06-20 12:03:39,CreateBucket,user40,vm450
2026-06-20 11:11:38,DeleteBucket,user5,vm335
2026-06-20 22:27:57,UpdateLaunchTemplate,user42,vm327
2026-06-20 19:43:30,RunInstance,user41,vm114
2026-06-20 16:32:18,TerminateInstance,user48,vm436
2026-06-20 01:53:11,RunInstance,user40,vm199
2026-06-20 08:54:22,CrossAccountAccess,user10,vm265
2026-06-20 02:52:20,CreateBucket,user4,vm198
2026-06-20 08:14:48,TerminateInstance,user14,vm332
2026-06-20 00:16:04,AssumeRole,user20,vm162
2026-06-20 12:09:05,UpdateLaunchTemplate,user50,vm480
2026-06-20 12:24:29,RunInstance,user46,vm245
2026-06-20 12:53:33,DeleteBucket,user24,vm231
2026-06-20 21:59:15,ExposeInstancePublicly,user22,vm214
2026-06-20 20:03:02,PrivilegeEscalationAttempt,user19,vm418
2026-06-20 16:02:16,RunInstance,user30,vm297
2026-06-20 05:11:23,RunInstance,user24,vm245
2026-06-20 09:14:05,RunHighCPUInstance,user29,vm382
2026-06-20 07:32:38,UpdateLaunchTemplate,user45,vm378
2026-06-20 21:27:12,RunInstance,user11,vm119
2026-06-20 10:25:27,CreateBucket,user14,vm462
2026-06-20 02:42:26,CreateAutoScalingGroup,user45,vm301
2026-06-20 07:32:41,RunInstance,user15,vm128
2026-06-20 19:30:46,RunInstance,user27,vm213
2026-06-20 09:01:14,RunInstance,user37,vm436
2026-06-20 17:20:39,RunInstance,user12,vm228
2026-06-20 01:38:37,AttachVolume,user27,vm146
2026-06-20 23:57:04,RunHighCPUInstance,user31,vm184
2026-06-20 16:05:00,TerminateInstance,user13,vm286
2026-06-20 19:04:25,RunInstance,user20,vm293
2026-06-20 21:27:43,DeleteBucket,user41,vm140
2026-06-20 07:55:17,CreateAutoScalingGroup,user35,vm167
2026-06-20 16:10:20,RunInstance,user16,vm324
2026-06-20 14:22:30,RunInstance,user14,vm407
2026-06-20 09:15:43,TerminateInstance,user10,vm151
2026-06-20 08:46:42,TerminateInstance,user40,vm272
2026-06-20 21:09:17,AttachVolume,user36,vm298
2026-06-20 14:02:13,RunInstance,user14,vm325
2026-06-20 07:42:46,AssumeRole,user47,vm494
2026-06-20 12:55:36,OpenSecurityGroup,user3,vm340
2026-06-20 16:02:44,TerminateInstance,user33,vm235
2026-06-20 12:50:42,PrivilegeEscalationAttempt,user38,vm302
2026-06-20 14:51:53,AttachVolume,user18,vm381
2026-06-20 01:24:32,DeleteBucket,user28,vm340
2026-06-20 13:49:54,TerminateInstance,user3,vm202
2026-06-20 17:35:37,AttachVolume,user4,vm138
2026-06-20 20:44:41,RunInstance,user6,vm158
2026-06-20 22:04:37,RunInstance,user39,vm136
2026-06-20 08:37:27,RunInstance,user23,vm130
2026-06-20 01:17:23,CreateBucket,user16,vm478
2026-06-20 16:09:16,LaunchCryptoMiner,user40,vm311
2026-06-20 22:28:35,ExposeInstancePublicly,user15,vm429
2026-06-20 04:49:54,CreateAutoScalingGroup,user48,vm124
2026-06-20 12:35:45,CrossAccountAccess,user45,vm182
2026-06-20 22:34:55,RunInstance,user50,vm338
2026-06-20 14:50:44,TerminateInstance,user5,vm468
2026-06-20 09:43:38,RunInstance,user5,vm203
2026-06-20 11:58:03,CreatePublicLoadBalancer,user45,vm491
2026-06-20 22:08:46,RunInstance,user26,vm470
2026-06-20 04:31:30,CreateGPUCluster,user40,vm414
2026-06-20 16:05:36,OpenSecurityGroup,user35,vm365
2026-06-20 20:19:27,CreateAutoScalingGroup,user31,vm418
2026-06-20 02:42:58,RunInstance,user42,vm187
2026-06-20 03:25:55,AttachVolume,user42,vm158
2026-06-20 06:23:39,UpdateLaunchTemplate,user39,vm264
2026-06-20 07:41:45,AttachVolume,user1,vm131
2026-06-20 11:20:18,OpenSecurityGroup,user50,vm159
2026-06-20 12:31:34,TerminateInstance,user4,vm238
2026-06-20 02:50:48,CreateAutoScalingGroup,user9,vm310
2026-06-20 08:35:57,RunInstance,user44,vm401
2026-06-20 10:15:11,CreateAutoScalingGroup,user36,vm258
2026-06-20 17:38:02,TerminateInstance,user17,vm244
2026-06-20 19:40:22,RunHighCPUInstance,user14,vm490
2026-06-20 17:43:26,UpdateLaunchTemplate,user2,vm345
2026-06-20 21:00:38,DeleteBucket,user2,vm361
2026-06-20 13:11:22,TerminateInstance,user34,vm366
2026-06-20 17:41:27,RunInstance,user46,vm321
2026-06-20 04:11:58,CreateGPUCluster,user47,vm479
2026-06-20 20:36:29,RunInstance,user38,vm251
2026-06-20 21:38:38,UpdateLaunchTemplate,user12,vm317
2026-06-20 12:45:16,CreateGPUCluster,user48,vm140
2026-06-20 23:33:47,PrivilegeEscalationAttempt,user39,vm116
2026-06-20 16:57:34,RunInstance,user49,vm331
2026-06-20 09:11:42,CreateGPUCluster,user46,vm435
2026-06-20 07:07:05,TerminateInstance,user36,vm366
2026-06-20 02:01:31,DeleteBucket,user46,vm109
2026-06-20 10:07:32,RunInstance,user2,vm390
2026-06-20 23:03:41,RunInstance,user1,vm290
2026-06-20 06:46:16,TerminateInstance,user24,vm351
2026-06-20 16:54:06,CreateBucket,user42,vm207
2026-06-20 19:21:20,CreateAutoScalingGroup,user30,vm246
2026-06-20 09:42:02,CreateBucket,user2,vm417
2026-06-20 17:05:23,AttachVolume,user5,vm175
2026-06-20 04:15:20,RunInstance,user37,vm177
2026-06-20 01:30:13,CreateBucket,user42,vm196
2026-06-20 19:13:19,PrivilegeEscalationAttempt,user5,vm139
2026-06-20 00:29:35,TerminateInstance,user28,vm480
2026-06-20 19:19:04,CreateBucket,user21,vm361
2026-06-20 17:29:20,RunInstance,user36,vm115
2026-06-20 23:40:24,TerminateInstance,user26,vm445
2026-06-20 15:47:55,UpdateLaunchTemplate,user33,vm109
2026-06-20 02:28:16,RunInstance,user44,vm432
2026-06-20 17:37:10,RunInstance,user3,vm126
2026-06-20 22:37:33,RunInstance,user19,vm314
2026-06-20 05:20:40,RunInstance,user5,vm318
2026-06-20 01:29:33,TerminateInstance,user29,vm254
2026-06-20 12:38:40,PrivilegeEscalationAttempt,user16,vm491
2026-06-20 16:42:29,LaunchCryptoMiner,user15,vm108
2026-06-20 06:35:45,RunInstance,user18,vm212
2026-06-20 10:08:56,DeleteBucket,user47,vm118
2026-06-20 03:12:54,TerminateInstance,user35,vm211
2026-06-20 15:00:19,TerminateInstance,user12,vm183
2026-06-20 12:39:14,UpdateLaunchTemplate,user12,vm455
2026-06-20 16:59:35,CreateGPUCluster,user16,vm427
2026-06-20 02:29:19,CreateAutoScalingGroup,user35,vm118
2026-06-20 03:15:14,CrossAccountAccess,user37,vm161
2026-06-20 16:56:23,TerminateInstance,user35,vm146
2026-06-20 09:37:49,TerminateInstance,user37,vm454
2026-06-20 13:32:00,OpenSecurityGroup,user29,vm177
2026-06-20 22:44:27,RunInstance,user35,vm175
2026-06-20 03:29:03,RunInstance,user1,vm283
2026-06-20 06:26:20,RunInstance,user44,vm453
2026-06-20 09:24:24,DeleteBucket,user14,vm189
2026-06-20 04:06:10,CreateAutoScalingGroup,user37,vm396
2026-06-20 08:30:36,CreateBucket,user14,vm149
2026-06-20 02:25:11,DeleteBucket,user35,vm482
2026-06-20 05:56:21,CrossAccountAccess,user26,vm339
2026-06-20 07:12:12,RunInstance,user26,vm353
2026-06-20 10:06:17,AttachVolume,user31,vm330
2026-06-20 19:59:46,RunHighCPUInstance,user50,vm461
2026-06-20 04:24:42,RunInstance,user39,vm265
2026-06-20 12:40:29,CreateAutoScalingGroup,user8,vm308
2026-06-20 01:04:03,CreateAutoScalingGroup,user28,vm282
2026-06-20 21:14:51,CreateBucket,user6,vm431
2026-06-20 03:21:52,DeleteBucket,user23,vm104
2026-06-20 12:56:30,TerminateInstance,user26,vm243
2026-06-20 14:23:41,CreateBucket,user13,vm477
2026-06-20 12:27:25,UpdateLaunchTemplate,user14,vm242
2026-06-20 02:24:57,DeleteBucket,user37,vm330
2026-06-20 12:32:31,UpdateLaunchTemplate,user41,vm437
2026-06-20 05:56:15,RunInstance,user34,vm289
2026-06-20 19:55:06,CreateBucket,user13,vm116
2026-06-20 19:31:01,AttachVolume,user48,vm114
2026-06-20 07:44:34,RunInstance,user26,vm334
2026-06-20 10:25:02,CreateAutoScalingGroup,user8,vm481
2026-06-20 17:25:35,RunInstance,user42,vm465
2026-06-20 05:07:15,RunInstance,user49,vm238
2026-06-20 18:58:37,AssumeRole,user10,vm307
2026-06-20 04:17:47,AttachVolume,user30,vm176
2026-06-20 06:54:37,TerminateInstance,user9,vm290
2026-06-20 02:29:14,TerminateInstance,user10,vm367
2026-06-20 01:07:53,AttachVolume,user11,vm149
2026-06-20 19:39:41,TerminateInstance,user26,vm121
2026-06-20 01:45:07,RunInstance,user45,vm296
2026-06-20 22:04:33,PrivilegeEscalationAttempt,user1,vm402
2026-06-20 11:15:32,CrossAccountAccess,user15,vm487
