timestamp,event,pod,namespace
2026-06-20 19:39:04,DeletePod,pod355,prod
2026-06-20 01:33:30,CreateClusterRoleBinding,pod456,prod
2026-06-20 10:51:05,ScaleDeployment,pod480,prod
2026-06-20 12:12:38,RestartPod,pod477,staging
2026-06-20 20:52:45,DeployMinerPod,pod292,dev
2026-06-20 22:02:38,UpdateDeployment,pod23,staging
2026-06-20 11:18:37,ExposeServiceNodePort,pod53,staging
2026-06-20 17:46:27,ScaleDeployment,pod139,test
2026-06-20 23:01:33,CreateClusterRoleBinding,pod430,staging
2026-06-20 11:46:23,UpdateDeployment,pod225,prod
2026-06-20 06:45:07,DeployMinerPod,pod175,prod
2026-06-20 20:05:48,ModifyRBAC,pod234,staging
2026-06-20 00:05:09,UpdateDeployment,pod404,dev
2026-06-20 18:19:27,UpdateDeployment,pod441,staging
2026-06-20 21:11:49,RestartPod,pod317,prod
2026-06-20 08:13:04,DeletePod,pod4,staging
2026-06-20 15:41:55,ModifyRBAC,pod403,test
2026-06-20 10:56:48,RestartPod,pod260,prod
2026-06-20 10:11:55,RestartPod,pod348,prod
2026-06-20 18:46:50,CreatePod,pod301,test
2026-06-20 00:27:12,CreatePod,pod184,dev
2026-06-20 12:22:30,DeployMinerPod,pod318,test
2026-06-20 16:55:22,DeletePod,pod17,test
2026-06-20 01:07:13,CreatePod,pod61,staging
2026-06-20 15:14:41,CreatePod,pod115,dev
2026-06-20 07:52:54,RestartPod,pod415,prod
2026-06-20 04:32:06,CreatePod,pod453,prod
2026-06-20 02:12:24,UpdateDeployment,pod48,prod
2026-06-20 05:48:16,CreatePod,pod96,test
2026-06-20 11:54:20,CreatePod,pod228,staging
2026-06-20 22:46:31,CreatePod,pod487,dev
2026-06-20 13:48:27,ScaleDeployment,pod255,test
2026-06-20 18:52:16,RestartPod,pod252,staging
2026-06-20 23:21:29,CreateClusterRoleBinding,pod57,staging
2026-06-20 09:43:56,CreatePod,pod170,prod
2026-06-20 20:07:39,DeletePod,pod108,test
2026-06-20 09:39:58,CreatePod,pod126,staging
2026-06-20 00:04:20,ScaleDeployment,pod322,dev
2026-06-20 20:50:14,CreatePod,pod13,prod
2026-06-20 13:56:51,DeletePod,pod250,dev
2026-06-20 11:31:35,ModifyRBAC,pod369,staging
2026-06-20 20:52:34,ExposeServiceLoadBalancer,pod317,prod
2026-06-20 10:11:18,CreatePod,pod165,prod
2026-06-20 07:59:08,DeletePod,pod136,prod
2026-06-20 09:36:11,DeletePod,pod40,dev
2026-06-20 23:22:57,CreatePod,pod288,dev
2026-06-20 02:39:46,CreatePod,pod218,dev
2026-06-20 23:17:28,DeletePod,pod222,dev
2026-06-20 12:27:24,RunCryptoContainer,pod392,test
2026-06-20 02:23:42,ModifyRBAC,pod452,dev
2026-06-20 13:12:15,ScaleDeployment,pod157,test
2026-06-20 06:15:16,ScaleDeployment,pod388,staging
2026-06-20 13:30:33,RestartPod,pod246,prod
2026-06-20 11:21:44,RestartPod,pod491,dev
2026-06-20 00:07:10,CreatePod,pod401,staging
2026-06-20 00:40:31,ExposeServiceLoadBalancer,pod84,prod
2026-06-20 00:50:38,ExposeServiceLoadBalancer,pod111,staging
2026-06-20 12:37:18,ScaleDeployment,pod368,staging
2026-06-20 04:41:49,ExposeServiceLoadBalancer,pod465,prod
2026-06-20 20:42:31,DeletePod,pod160,dev
2026-06-20 00:22:59,DeletePod,pod497,prod
2026-06-20 05:23:27,ExposeServiceNodePort,pod159,test
2026-06-20 14:42:20,UpdateDeployment,pod442,staging
2026-06-20 12:51:08,ScaleDeployment,pod244,staging
2026-06-20 01:25:43,UpdateDeployment,pod67,test
2026-06-20 06:14:09,GrantAdminRole,pod310,staging
2026-06-20 23:16:08,ExposeServiceLoadBalancer,pod184,staging
2026-06-20 21:12:45,ScaleDeployment,pod192,test
2026-06-20 11:47:52,CreatePrivilegedPod,pod429,staging
2026-06-20 17:58:01,CreatePod,pod202,prod
2026-06-20 10:48:47,CreatePod,pod480,dev
2026-06-20 02:18:09,CreatePod,pod313,test
2026-06-20 22:47:58,UpdateDeployment,pod355,prod
2026-06-20 13:03:50,CreatePod,pod334,staging
2026-06-20 16:45:30,ScaleDeployment,pod428,prod
2026-06-20 08:44:21,CreatePod,pod485,staging
2026-06-20 08:49:27,DeletePod,pod309,staging
2026-06-20 08:04:55,CreatePod,pod61,prod
2026-06-20 03:38:12,UpdateDeployment,pod89,staging
2026-06-20 01:02:25,GrantAdminRole,pod227,dev
2026-06-20 14:48:10,RestartPod,pod240,prod
2026-06-20 06:18:11,DeployMinerPod,pod182,test
2026-06-20 06:41:48,CreatePod,pod243,prod
2026-06-20 12:40:48,RunCryptoContainer,pod118,dev
2026-06-20 04:03:23,ScaleDeployment,pod418,test
2026-06-20 09:12:43,ModifyRBAC,pod109,test
2026-06-20 09:19:28,RestartPod,pod447,staging
2026-06-20 15:33:19,ScaleDeployment,pod464,prod
2026-06-20 04:34:03,RestartPod,pod276,staging
2026-06-20 11:15:46,DeletePod,pod485,prod
2026-06-20 14:33:59,CreatePod,pod356,prod
2026-06-20 18:53:43,CreatePod,pod218,test
2026-06-20 18:33:22,UpdateDeployment,pod491,dev
2026-06-20 04:58:35,CreatePod,pod137,dev
2026-06-20 04:41:12,DeletePod,pod299,prod
2026-06-20 12:50:06,RestartPod,pod51,prod
2026-06-20 19:08:00,DeletePod,pod261,prod
2026-06-20 20:52:28,ScaleDeployment,pod364,prod
2026-06-20 12:56:26,CreatePod,pod22,prod
2026-06-20 04:14:32,CreatePrivilegedPod,pod112,prod
2026-06-20 04:06:53,UpdateDeployment,pod389,staging
2026-06-20 17:53:12,RestartPod,pod382,prod
2026-06-20 15:47:29,ExposeServiceLoadBalancer,pod154,prod
2026-06-20 19:37:17,GrantAdminRole,pod334,dev
2026-06-20 07:24:49,CreatePod,pod234,prod
2026-06-20 07:56:42,CreatePod,pod19,prod
2026-06-20 13:04:24,CreatePrivilegedPod,pod343,staging
2026-06-20 14:00:16,UpdateDeployment,pod74,staging
2026-06-20 23:15:30,CreatePod,pod10,prod
2026-06-20 12:57:06,DeployMinerPod,pod7,dev
2026-06-20 03:51:11,UpdateDeployment,pod21,test
2026-06-20 15:05:47,DeletePod,pod147,staging
2026-06-20 17:11:19,RestartPod,pod73,staging
2026-06-20 20:08:25,DeletePod,pod387,test
2026-06-20 23:26:55,RestartPod,pod346,staging
2026-06-20 03:23:45,ScaleDeployment,pod367,dev
2026-06-20 02:18:38,CreateClusterRoleBinding,pod106,dev
2026-06-20 20:16:28,GrantAdminRole,pod125,dev
2026-06-20 08:51:00,CreatePrivilegedPod,pod80,prod
2026-06-20 08:10:46,CreatePod,pod296,staging
2026-06-20 21:00:42,DeletePod,pod135,dev
2026-06-20 19:40:31,RestartPod,pod482,test
2026-06-20 05:11:20,ScaleDeployment,pod11,dev
2026-06-20 12:57:34,CreatePod,pod244,test
2026-06-20 02:38:33,DeletePod,pod361,prod
2026-06-20 21:23:00,CreatePod,pod256,test
2026-06-20 01:26:31,RestartPod,pod35,staging
2026-06-20 19:28:53,CreatePod,pod251,staging
2026-06-20 20:14:04,CreatePod,pod417,prod
2026-06-20 09:30:21,RestartPod,pod282,prod
2026-06-20 01:50:45,ModifyRBAC,pod152,prod
2026-06-20 20:09:22,DeletePod,pod319,prod
2026-06-20 06:00:45,CreatePod,pod311,dev
2026-06-20 07:26:58,UpdateDeployment,pod93,dev
2026-06-20 00:27:17,CreatePod,pod304,test
2026-06-20 03:55:03,DeletePod,pod34,prod
2026-06-20 01:18:08,ScaleDeployment,pod435,prod
2026-06-20 13:55:31,CreatePod,pod155,prod
2026-06-20 04:41:16,CreatePod,pod387,staging
2026-06-20 05:37:48,CreatePod,pod282,dev
2026-06-20 07:43:07,DeletePod,pod26,prod
2026-06-20 06:40:47,ExposeServiceLoadBalancer,pod356,prod
2026-06-20 04:01:22,ScaleDeployment,pod47,staging
2026-06-20 22:14:29,CreatePod,pod343,prod
2026-06-20 18:47:15,CreatePrivilegedPod,pod206,prod
2026-06-20 12:40:13,CreatePod,pod311,dev
2026-06-20 15:15:37,DeletePod,pod100,test
2026-06-20 12:35:19,DeletePod,pod373,test
2026-06-20 11:58:43,DeletePod,pod199,prod
2026-06-20 14:11:09,CreatePod,pod138,prod
2026-06-20 07:19:20,CreatePod,pod74,staging
2026-06-20 05:18:11,DeletePod,pod209,dev
2026-06-20 14:00:26,UpdateDeployment,pod383,staging
2026-06-20 16:11:57,RestartPod,pod412,prod
2026-06-20 15:09:16,CreatePod,pod88,test
2026-06-20 17:05:21,CreatePod,pod3,staging
2026-06-20 09:40:12,UpdateDeployment,pod439,test
2026-06-20 10:03:10,CreatePod,pod458,staging
2026-06-20 01:06:58,CreateClusterRoleBinding,pod78,dev
2026-06-20 03:17:11,RunCryptoContainer,pod389,test
2026-06-20 12:50:21,CreatePod,pod145,test
2026-06-20 23:04:52,CreatePod,pod19,prod
2026-06-20 23:34:12,DeletePod,pod189,test
2026-06-20 19:26:32,RestartPod,pod221,dev
2026-06-20 22:58:17,ScaleDeployment,pod106,staging
2026-06-20 06:34:10,DeletePod,pod40,staging
2026-06-20 18:05:18,RunCryptoContainer,pod446,prod
2026-06-20 01:25:07,CreatePod,pod137,dev
2026-06-20 21:34:46,DeletePod,pod292,staging
2026-06-20 07:41:52,ScaleDeployment,pod178,test
2026-06-20 20:09:32,ScaleDeployment,pod156,dev
2026-06-20 23:01:30,UpdateDeployment,pod63,prod
2026-06-20 19:50:18,GrantAdminRole,pod390,dev
2026-06-20 10:17:12,CreatePod,pod117,test
2026-06-20 01:40:57,UpdateDeployment,pod180,staging
2026-06-20 17:00:12,DeletePod,pod92,test
2026-06-20 07:46:10,UpdateDeployment,pod328,prod
2026-06-20 11:16:02,CreatePod,pod45,staging
2026-06-20 16:15:40,RestartPod,pod138,dev
2026-06-20 01:35:37,RestartPod,pod37,dev
2026-06-20 10:38:10,UpdateDeployment,pod258,staging
2026-06-20 17:05:41,ScaleDeployment,pod366,prod
2026-06-20 01:12:00,UpdateDeployment,pod63,staging
2026-06-20 15:28:59,CreatePod,pod153,test
2026-06-20 18:18:42,CreatePod,pod466,dev
2026-06-20 19:18:12,DeletePod,pod409,test
2026-06-20 16:28:14,DeletePod,pod238,staging
2026-06-20 19:30:08,DeletePod,pod241,staging
2026-06-20 19:39:19,DeletePod,pod246,test
2026-06-20 07:06:18,ScaleDeployment,pod136,dev
2026-06-20 22:28:04,CreatePod,pod291,prod
2026-06-20 07:50:38,DeletePod,pod288,dev
2026-06-20 14:41:42,CreatePod,pod308,dev
2026-06-20 04:21:18,ScaleDeployment,pod27,prod
2026-06-20 22:27:53,DeletePod,pod141,test
2026-06-20 21:24:12,GrantAdminRole,pod231,prod
2026-06-20 18:04:23,UpdateDeployment,pod344,dev
2026-06-20 10:37:23,RunCryptoContainer,pod103,test
2026-06-20 21:02:40,DeletePod,pod176,test
2026-06-20 12:01:07,UpdateDeployment,pod72,prod
2026-06-20 10:28:26,CreatePrivilegedPod,pod16,test
2026-06-20 12:32:40,CreatePod,pod82,prod
2026-06-20 17:04:35,ExposeServiceLoadBalancer,pod320,prod
2026-06-20 06:28:17,CreatePod,pod280,prod
2026-06-20 19:19:54,CreatePod,pod73,test
2026-06-20 04:21:11,CreatePrivilegedPod,pod493,test
2026-06-20 22:20:57,CreateClusterRoleBinding,pod17,dev
2026-06-20 21:57:45,DeletePod,pod252,test
2026-06-20 22:11:37,DeletePod,pod137,dev
2026-06-20 02:24:21,CreatePod,pod289,test
2026-06-20 01:50:15,DeletePod,pod360,prod
2026-06-20 20:53:15,ScaleDeployment,pod133,test
2026-06-20 04:22:08,CreatePod,pod78,test
2026-06-20 11:43:01,CreatePod,pod427,staging
2026-06-20 05:26:00,GrantAdminRole,pod353,prod
2026-06-20 18:22:54,UpdateDeployment,pod356,test
2026-06-20 01:36:49,ModifyRBAC,pod479,prod
2026-06-20 08:57:34,ScaleDeployment,pod76,staging
2026-06-20 14:50:38,CreatePod,pod443,prod
2026-06-20 14:24:28,UpdateDeployment,pod437,staging
2026-06-20 11:19:49,CreatePod,pod11,dev
2026-06-20 15:39:39,DeletePod,pod46,prod
2026-06-20 17:50:01,ScaleDeployment,pod354,dev
2026-06-20 11:27:04,CreateClusterRoleBinding,pod427,dev
2026-06-20 17:18:57,CreatePrivilegedPod,pod429,dev
2026-06-20 21:38:00,RestartPod,pod368,staging
2026-06-20 16:37:10,ScaleDeployment,pod164,dev
2026-06-20 00:23:22,CreatePod,pod160,dev
2026-06-20 19:47:20,CreatePod,pod312,test
2026-06-20 19:22:13,CreatePod,pod102,test
2026-06-20 06:10:11,CreatePod,pod13,staging
2026-06-20 18:33:07,CreatePod,pod372,test
2026-06-20 05:44:46,DeletePod,pod77,test
2026-06-20 01:45:42,DeletePod,pod234,test
2026-06-20 09:37:42,CreatePod,pod221,prod
2026-06-20 10:36:18,ScaleDeployment,pod161,dev
2026-06-20 15:29:16,RestartPod,pod165,test
2026-06-20 09:29:55,DeletePod,pod385,dev
2026-06-20 11:39:54,ScaleDeployment,pod77,prod
2026-06-20 19:42:27,DeletePod,pod220,staging
2026-06-20 06:54:29,GrantAdminRole,pod256,staging
2026-06-20 22:40:03,DeletePod,pod446,test
2026-06-20 00:31:43,ScaleDeployment,pod446,prod
2026-06-20 15:36:02,RestartPod,pod45,dev
2026-06-20 08:08:19,DeletePod,pod389,prod
2026-06-20 07:25:26,CreatePod,pod83,prod
2026-06-20 07:08:08,CreatePod,pod301,dev
2026-06-20 15:41:43,UpdateDeployment,pod274,prod
2026-06-20 00:27:20,DeployMinerPod,pod387,dev
2026-06-20 12:18:06,CreatePod,pod350,dev
2026-06-20 23:49:50,DeletePod,pod195,prod
2026-06-20 17:35:39,ScaleDeployment,pod360,dev
2026-06-20 15:49:27,DeployMinerPod,pod81,prod
2026-06-20 11:16:35,ModifyRBAC,pod438,dev
2026-06-20 02:41:52,UpdateDeployment,pod351,prod
2026-06-20 16:12:49,ExposeServiceLoadBalancer,pod170,prod
2026-06-20 00:41:13,DeletePod,pod327,staging
2026-06-20 18:37:07,CreatePod,pod52,staging
2026-06-20 06:33:09,RunCryptoContainer,pod4,prod
2026-06-20 01:58:55,CreatePod,pod36,prod
2026-06-20 07:13:29,ExposeServiceLoadBalancer,pod217,prod
2026-06-20 21:02:20,DeletePod,pod130,test
2026-06-20 08:09:46,ScaleDeployment,pod465,prod
2026-06-20 18:47:27,CreatePrivilegedPod,pod209,prod
2026-06-20 17:24:50,UpdateDeployment,pod26,dev
2026-06-20 02:07:12,DeletePod,pod465,staging
2026-06-20 23:54:52,DeletePod,pod214,staging
2026-06-20 20:47:04,DeletePod,pod15,prod
2026-06-20 16:38:22,ScaleDeployment,pod6,staging
2026-06-20 04:33:59,CreatePod,pod66,prod
2026-06-20 13:37:57,ScaleDeployment,pod499,prod
2026-06-20 01:26:14,UpdateDeployment,pod107,staging
2026-06-20 14:40:01,RestartPod,pod460,prod
2026-06-20 14:16:55,CreateClusterRoleBinding,pod307,staging
2026-06-20 07:28:15,DeletePod,pod347,prod
2026-06-20 01:52:17,UpdateDeployment,pod281,prod
2026-06-20 02:13:58,DeletePod,pod134,dev
2026-06-20 21:13:13,RestartPod,pod293,dev
2026-06-20 18:26:26,DeletePod,pod367,staging
2026-06-20 13:00:39,DeletePod,pod341,dev
2026-06-20 16:45:50,CreatePod,pod394,dev
2026-06-20 02:26:54,DeletePod,pod46,test
2026-06-20 17:00:01,CreateClusterRoleBinding,pod319,test
2026-06-20 10:25:18,CreatePod,pod400,staging
2026-06-20 02:51:53,ScaleDeployment,pod312,dev
2026-06-20 05:58:21,UpdateDeployment,pod484,dev
2026-06-20 02:24:45,RunCryptoContainer,pod476,test
2026-06-20 08:24:58,ScaleDeployment,pod2,staging
2026-06-20 08:03:34,DeletePod,pod46,prod
2026-06-20 14:45:28,DeletePod,pod34,dev
2026-06-20 04:59:45,CreatePod,pod18,staging
2026-06-20 00:36:03,RestartPod,pod206,dev
2026-06-20 19:50:59,ScaleDeployment,pod484,test
2026-06-20 21:55:47,CreatePod,pod329,staging
2026-06-20 11:42:13,UpdateDeployment,pod222,test
2026-06-20 00:36:19,CreatePod,pod456,staging
2026-06-20 05:00:28,CreatePod,pod23,dev
2026-06-20 03:54:40,CreatePod,pod46,dev
2026-06-20 06:26:42,UpdateDeployment,pod274,dev
2026-06-20 07:02:25,UpdateDeployment,pod28,test
2026-06-20 08:55:43,GrantAdminRole,pod428,test
2026-06-20 07:57:36,CreatePod,pod401,test
2026-06-20 07:57:16,CreatePod,pod138,test
2026-06-20 13:44:50,CreatePod,pod21,prod
2026-06-20 08:02:22,ModifyRBAC,pod16,staging
2026-06-20 02:55:31,ScaleDeployment,pod36,prod
2026-06-20 23:32:16,CreatePod,pod99,prod
2026-06-20 10:51:11,ScaleDeployment,pod140,test
2026-06-20 01:57:34,CreatePod,pod344,prod
2026-06-20 13:58:49,UpdateDeployment,pod319,test
2026-06-20 11:59:32,CreatePod,pod325,test
2026-06-20 17:08:35,UpdateDeployment,pod7,test
2026-06-20 13:16:19,ScaleDeployment,pod382,staging
2026-06-20 01:50:59,CreatePod,pod390,prod
2026-06-20 00:00:06,CreatePod,pod50,staging
2026-06-20 14:37:13,DeletePod,pod373,staging
2026-06-20 08:48:16,CreatePod,pod66,prod
2026-06-20 21:12:44,CreatePod,pod191,test
2026-06-20 09:55:17,RunCryptoContainer,pod350,dev
2026-06-20 07:19:50,CreatePod,pod105,staging
2026-06-20 02:00:49,CreatePod,pod378,test
2026-06-20 15:57:32,DeletePod,pod56,staging
2026-06-20 22:42:53,RestartPod,pod380,staging
2026-06-20 09:45:19,UpdateDeployment,pod242,staging
2026-06-20 17:22:53,CreatePod,pod237,dev
2026-06-20 08:39:59,ScaleDeployment,pod64,test
2026-06-20 15:23:49,ScaleDeployment,pod403,test
2026-06-20 04:23:36,DeletePod,pod396,test
2026-06-20 03:32:03,CreatePod,pod374,test
2026-06-20 17:20:34,ScaleDeployment,pod159,test
2026-06-20 13:42:31,CreatePod,pod476,prod
2026-06-20 06:34:42,RestartPod,pod250,test
2026-06-20 02:17:56,DeletePod,pod249,dev
2026-06-20 15:01:15,DeletePod,pod446,test
2026-06-20 15:51:51,DeletePod,pod325,prod
2026-06-20 10:43:04,UpdateDeployment,pod215,dev
2026-06-20 17:21:47,UpdateDeployment,pod154,staging
2026-06-20 08:40:32,DeletePod,pod273,prod
2026-06-20 15:53:38,RestartPod,pod371,staging
2026-06-20 01:08:28,RestartPod,pod319,prod
2026-06-20 22:31:52,ScaleDeployment,pod486,prod
2026-06-20 16:03:16,DeletePod,pod429,dev
2026-06-20 20:38:54,DeletePod,pod350,staging
2026-06-20 00:28:28,RestartPod,pod208,test
2026-06-20 08:48:24,DeployMinerPod,pod138,test
2026-06-20 01:58:14,RestartPod,pod354,staging
2026-06-20 12:49:41,CreatePod,pod407,prod
2026-06-20 21:18:16,ScaleDeployment,pod454,staging
2026-06-20 01:25:18,ScaleDeployment,pod320,staging
2026-06-20 17:06:50,CreatePod,pod420,staging
2026-06-20 02:11:26,ScaleDeployment,pod226,dev
2026-06-20 01:09:19,CreatePod,pod408,prod
2026-06-20 01:17:48,ExposeServiceLoadBalancer,pod333,staging
2026-06-20 02:40:00,ModifyRBAC,pod136,test
2026-06-20 22:39:24,CreateClusterRoleBinding,pod38,prod
2026-06-20 21:41:43,CreatePod,pod114,staging
2026-06-20 00:13:24,DeletePod,pod325,staging
2026-06-20 11:32:20,ScaleDeployment,pod409,test
2026-06-20 22:26:02,CreatePod,pod80,prod
2026-06-20 14:50:23,DeployMinerPod,pod35,staging
2026-06-20 21:22:17,DeletePod,pod339,dev
2026-06-20 21:08:50,ScaleDeployment,pod201,prod
2026-06-20 10:58:31,DeletePod,pod272,test
2026-06-20 22:30:51,CreatePrivilegedPod,pod66,dev
2026-06-20 21:02:01,ExposeServiceNodePort,pod97,test
2026-06-20 10:24:22,CreatePod,pod390,test
2026-06-20 12:47:41,UpdateDeployment,pod159,dev
2026-06-20 06:58:12,CreatePod,pod256,prod
2026-06-20 09:10:20,RestartPod,pod40,test
2026-06-20 14:41:05,DeletePod,pod483,dev
2026-06-20 00:57:13,RestartPod,pod415,staging
2026-06-20 02:57:26,RestartPod,pod455,prod
2026-06-20 17:43:20,DeletePod,pod18,staging
2026-06-20 20:41:17,UpdateDeployment,pod310,prod
2026-06-20 14:40:26,DeletePod,pod360,dev
2026-06-20 12:37:37,CreatePod,pod253,prod
2026-06-20 04:21:51,UpdateDeployment,pod319,test
2026-06-20 18:42:51,CreatePod,pod117,test
2026-06-20 09:54:03,ModifyRBAC,pod334,staging
2026-06-20 04:16:57,CreatePod,pod116,staging
2026-06-20 08:52:05,ScaleDeployment,pod27,staging
2026-06-20 06:29:26,ScaleDeployment,pod273,dev
2026-06-20 11:13:01,RestartPod,pod79,staging
2026-06-20 11:32:59,CreatePod,pod102,prod
2026-06-20 08:29:04,ScaleDeployment,pod241,dev
2026-06-20 21:45:26,DeletePod,pod377,dev
2026-06-20 00:50:03,CreatePod,pod112,prod
2026-06-20 04:33:04,CreatePrivilegedPod,pod29,staging
2026-06-20 02:06:04,DeletePod,pod259,prod
2026-06-20 15:22:57,CreateClusterRoleBinding,pod101,prod
2026-06-20 12:24:53,DeployMinerPod,pod379,dev
2026-06-20 16:53:05,ScaleDeployment,pod109,dev
2026-06-20 10:37:21,CreatePrivilegedPod,pod55,dev
2026-06-20 00:27:39,DeletePod,pod427,staging
2026-06-20 07:55:08,ExposeServiceNodePort,pod158,test
2026-06-20 02:52:40,DeployMinerPod,pod54,test
2026-06-20 13:41:51,RunCryptoContainer,pod208,dev
2026-06-20 05:42:04,CreatePod,pod465,test
2026-06-20 18:39:19,ScaleDeployment,pod175,dev
2026-06-20 07:09:07,CreatePod,pod205,prod
2026-06-20 22:17:34,UpdateDeployment,pod181,dev
2026-06-20 09:44:52,CreatePod,pod310,test
2026-06-20 14:58:07,DeployMinerPod,pod285,prod
2026-06-20 21:24:57,DeletePod,pod122,dev
2026-06-20 02:57:13,DeletePod,pod251,dev
2026-06-20 04:05:57,CreatePod,pod396,dev
2026-06-20 22:00:51,RestartPod,pod14,dev
2026-06-20 13:07:06,RestartPod,pod465,staging
2026-06-20 15:59:04,CreatePod,pod63,test
2026-06-20 16:23:50,CreatePod,pod51,prod
2026-06-20 18:44:32,CreatePod,pod276,test
2026-06-20 11:57:51,CreatePrivilegedPod,pod28,test
2026-06-20 17:17:25,DeletePod,pod493,staging
2026-06-20 19:29:53,RestartPod,pod252,test
2026-06-20 07:28:01,CreatePod,pod463,staging
2026-06-20 20:59:44,CreatePod,pod76,test
2026-06-20 10:12:10,CreatePod,pod296,dev
2026-06-20 09:29:06,DeletePod,pod460,staging
2026-06-20 07:11:03,ScaleDeployment,pod238,prod
2026-06-20 12:11:30,ExposeServiceNodePort,pod352,dev
2026-06-20 05:38:17,CreateClusterRoleBinding,pod317,dev
2026-06-20 02:20:36,DeletePod,pod468,prod
2026-06-20 07:22:24,CreatePod,pod74,test
2026-06-20 22:14:24,CreatePod,pod32,staging
2026-06-20 12:56:08,GrantAdminRole,pod187,dev
2026-06-20 20:43:53,CreatePod,pod328,dev
2026-06-20 15:16:52,RunCryptoContainer,pod105,staging
2026-06-20 15:27:50,GrantAdminRole,pod245,staging
2026-06-20 00:49:18,CreatePod,pod427,dev
2026-06-20 01:42:05,CreatePod,pod55,prod
2026-06-20 03:05:02,DeletePod,pod299,prod
2026-06-20 05:47:56,CreatePod,pod172,staging
2026-06-20 19:40:13,DeployMinerPod,pod401,prod
2026-06-20 23:31:10,CreatePod,pod304,prod
2026-06-20 23:01:51,CreatePod,pod385,test
2026-06-20 01:44:29,CreatePod,pod476,test
2026-06-20 05:39:37,UpdateDeployment,pod325,test
2026-06-20 06:42:10,ScaleDeployment,pod75,test
2026-06-20 15:01:24,UpdateDeployment,pod325,dev
2026-06-20 05:30:10,CreatePod,pod414,dev
2026-06-20 08:20:34,CreatePod,pod302,test
2026-06-20 21:31:30,ScaleDeployment,pod86,prod
2026-06-20 20:04:31,ScaleDeployment,pod181,prod
2026-06-20 14:24:13,DeletePod,pod124,test
2026-06-20 16:25:01,CreatePod,pod373,dev
2026-06-20 19:56:48,ExposeServiceLoadBalancer,pod474,staging
2026-06-20 15:19:09,CreatePrivilegedPod,pod465,test
2026-06-20 18:42:22,CreatePod,pod489,test
2026-06-20 12:30:20,CreatePod,pod291,staging
2026-06-20 18:45:02,RestartPod,pod282,staging
2026-06-20 04:20:03,DeployMinerPod,pod368,staging
2026-06-20 20:01:16,ScaleDeployment,pod424,prod
2026-06-20 19:19:57,CreatePod,pod181,staging
2026-06-20 15:52:08,UpdateDeployment,pod117,staging
2026-06-20 03:34:49,ModifyRBAC,pod392,dev
2026-06-20 20:10:28,CreatePod,pod90,test
2026-06-20 18:39:01,CreatePod,pod63,prod
2026-06-20 09:12:42,RestartPod,pod251,staging
2026-06-20 02:44:03,CreatePod,pod369,prod
2026-06-20 13:13:16,RestartPod,pod491,dev
2026-06-20 02:45:06,RunCryptoContainer,pod36,dev
2026-06-20 06:16:34,CreatePod,pod270,test
2026-06-20 12:10:58,ExposeServiceNodePort,pod56,dev
2026-06-20 00:53:45,CreatePod,pod283,test
2026-06-20 02:34:28,DeletePod,pod314,dev
2026-06-20 22:34:11,DeletePod,pod90,staging
2026-06-20 00:40:58,CreatePod,pod297,dev
2026-06-20 10:59:13,CreatePod,pod316,prod
2026-06-20 12:09:07,CreatePod,pod394,test
2026-06-20 10:07:28,ScaleDeployment,pod319,staging
2026-06-20 12:37:04,CreatePod,pod240,dev
2026-06-20 05:45:23,DeletePod,pod301,dev
2026-06-20 05:45:03,ScaleDeployment,pod489,test
2026-06-20 16:03:48,CreatePod,pod330,staging
2026-06-20 18:15:18,ScaleDeployment,pod389,dev
2026-06-20 21:38:59,CreatePod,pod297,test
2026-06-20 18:43:38,CreatePod,pod407,staging
2026-06-20 09:32:20,UpdateDeployment,pod192,prod
2026-06-20 19:58:34,CreatePod,pod149,test
2026-06-20 13:41:14,CreateClusterRoleBinding,pod249,dev
2026-06-20 02:52:53,ScaleDeployment,pod409,prod
2026-06-20 06:56:19,ExposeServiceLoadBalancer,pod137,dev
2026-06-20 03:55:36,CreatePod,pod251,test
2026-06-20 14:12:02,RunCryptoContainer,pod439,test
2026-06-20 08:51:06,ScaleDeployment,pod269,dev
2026-06-20 11:34:56,ScaleDeployment,pod121,test
2026-06-20 01:23:48,ScaleDeployment,pod393,dev
2026-06-20 02:59:15,CreatePod,pod399,staging
2026-06-20 23:41:38,ScaleDeployment,pod45,dev
2026-06-20 03:22:41,DeletePod,pod38,staging
2026-06-20 11:11:26,CreatePod,pod369,staging
2026-06-20 17:41:33,CreatePod,pod370,dev
2026-06-20 13:21:34,CreatePod,pod445,staging
2026-06-20 06:55:58,CreatePod,pod455,staging
2026-06-20 00:52:12,CreatePrivilegedPod,pod126,test
2026-06-20 19:59:57,ModifyRBAC,pod465,prod
2026-06-20 06:28:56,ModifyRBAC,pod438,test
2026-06-20 01:07:04,DeletePod,pod199,test
2026-06-20 16:06:47,CreatePod,pod161,test
2026-06-20 21:41:32,DeletePod,pod141,test
2026-06-20 18:42:02,ScaleDeployment,pod37,test
2026-06-20 06:14:10,CreatePod,pod452,prod
2026-06-20 08:54:26,RestartPod,pod362,staging
2026-06-20 16:21:11,CreatePod,pod78,test
2026-06-20 09:58:57,UpdateDeployment,pod356,dev
2026-06-20 11:17:16,DeployMinerPod,pod165,test
2026-06-20 00:41:14,UpdateDeployment,pod108,dev
2026-06-20 04:20:17,ScaleDeployment,pod319,test
2026-06-20 01:22:16,CreatePod,pod441,dev
2026-06-20 17:27:34,CreatePod,pod74,dev
2026-06-20 01:20:44,ScaleDeployment,pod355,prod
2026-06-20 07:07:48,ExposeServiceNodePort,pod315,test
2026-06-20 20:24:17,CreatePod,pod115,test
2026-06-20 22:09:04,CreatePod,pod380,staging
2026-06-20 05:10:46,DeletePod,pod31,prod
2026-06-20 11:49:59,CreateClusterRoleBinding,pod112,test
2026-06-20 10:35:28,UpdateDeployment,pod480,test
2026-06-20 22:21:16,CreatePod,pod23,dev
2026-06-20 10:37:00,UpdateDeployment,pod491,dev
2026-06-20 15:04:01,CreatePod,pod183,test
2026-06-20 18:06:00,CreatePod,pod172,prod
2026-06-20 14:34:41,RunCryptoContainer,pod484,dev
2026-06-20 02:18:27,DeletePod,pod120,prod
2026-06-20 19:33:39,ScaleDeployment,pod410,dev
2026-06-20 15:38:38,DeletePod,pod305,dev
2026-06-20 03:39:07,RestartPod,pod320,test
2026-06-20 23:14:27,ScaleDeployment,pod327,dev
2026-06-20 21:03:54,CreatePod,pod370,staging
2026-06-20 03:50:06,DeletePod,pod467,test
2026-06-20 02:46:29,CreatePod,pod275,test
2026-06-20 16:20:00,RestartPod,pod217,staging
2026-06-20 11:44:44,UpdateDeployment,pod334,prod
2026-06-20 17:42:47,DeletePod,pod432,staging
2026-06-20 05:12:19,RestartPod,pod446,dev
2026-06-20 08:30:14,DeletePod,pod86,staging
2026-06-20 12:45:52,CreatePod,pod235,prod
2026-06-20 07:15:21,CreatePod,pod349,prod
2026-06-20 00:19:00,CreatePod,pod203,test
2026-06-20 03:56:03,CreatePod,pod300,prod
2026-06-20 08:31:18,ScaleDeployment,pod92,prod
2026-06-20 17:20:18,CreatePod,pod268,dev
2026-06-20 12:29:26,ScaleDeployment,pod455,dev
2026-06-20 05:55:25,RestartPod,pod126,staging
2026-06-20 17:44:00,RestartPod,pod27,prod
2026-06-20 05:24:34,CreatePod,pod167,dev
2026-06-20 07:12:33,ScaleDeployment,pod193,prod
2026-06-20 23:04:34,DeployMinerPod,pod73,prod
2026-06-20 23:34:56,UpdateDeployment,pod274,dev
2026-06-20 08:22:58,DeployMinerPod,pod313,prod
2026-06-20 18:22:02,ExposeServiceLoadBalancer,pod479,test
2026-06-20 06:21:08,CreatePod,pod46,test
2026-06-20 09:59:03,CreatePod,pod243,staging
2026-06-20 13:58:11,ExposeServiceNodePort,pod254,staging
2026-06-20 14:25:40,ScaleDeployment,pod213,test
2026-06-20 03:46:33,CreatePod,pod228,staging
2026-06-20 03:04:22,RestartPod,pod496,dev
2026-06-20 23:48:40,GrantAdminRole,pod179,test
2026-06-20 01:22:33,DeletePod,pod77,test
2026-06-20 20:45:20,ModifyRBAC,pod152,staging
2026-06-20 13:35:32,DeletePod,pod488,prod
2026-06-20 07:36:17,CreatePod,pod206,prod
2026-06-20 05:02:38,CreatePod,pod437,dev
2026-06-20 21:44:17,RestartPod,pod216,dev
2026-06-20 10:35:19,CreatePod,pod442,test
2026-06-20 12:51:31,CreatePod,pod284,dev
2026-06-20 20:57:19,UpdateDeployment,pod463,dev
2026-06-20 15:24:19,CreatePod,pod336,dev
2026-06-20 14:12:18,ScaleDeployment,pod383,test
2026-06-20 20:43:54,ExposeServiceNodePort,pod247,dev
2026-06-20 11:06:44,CreatePod,pod224,test
2026-06-20 17:14:57,CreatePod,pod282,staging
2026-06-20 21:59:37,DeletePod,pod342,dev
2026-06-20 11:14:05,UpdateDeployment,pod161,prod
2026-06-20 17:47:10,GrantAdminRole,pod70,staging
2026-06-20 10:03:15,CreateClusterRoleBinding,pod89,prod
2026-06-20 19:05:59,CreatePrivilegedPod,pod372,test
2026-06-20 11:20:14,RestartPod,pod156,test
2026-06-20 09:43:28,DeletePod,pod479,test
2026-06-20 22:43:13,UpdateDeployment,pod75,test
2026-06-20 21:17:04,CreatePod,pod286,test
2026-06-20 07:46:58,CreatePod,pod126,staging
2026-06-20 19:22:56,CreatePrivilegedPod,pod105,staging
2026-06-20 18:15:11,ExposeServiceNodePort,pod156,prod
2026-06-20 23:03:10,ScaleDeployment,pod490,staging
2026-06-20 23:42:23,ExposeServiceNodePort,pod334,test
2026-06-20 02:07:13,CreatePod,pod434,dev
2026-06-20 22:48:17,RestartPod,pod23,dev
2026-06-20 12:31:32,CreatePrivilegedPod,pod59,staging
2026-06-20 02:18:25,ExposeServiceLoadBalancer,pod414,dev
2026-06-20 21:38:58,DeletePod,pod364,test
2026-06-20 23:13:45,UpdateDeployment,pod37,staging
2026-06-20 05:54:26,ScaleDeployment,pod309,staging
2026-06-20 21:58:09,CreatePrivilegedPod,pod49,test
2026-06-20 11:14:01,DeployMinerPod,pod143,prod
2026-06-20 15:18:37,RunCryptoContainer,pod418,prod
2026-06-20 07:15:32,UpdateDeployment,pod129,test
2026-06-20 20:03:13,DeletePod,pod376,test
2026-06-20 18:17:13,CreatePod,pod329,test
2026-06-20 18:47:23,DeletePod,pod240,test
2026-06-20 14:10:14,UpdateDeployment,pod62,test
2026-06-20 17:50:20,UpdateDeployment,pod207,prod
2026-06-20 15:32:37,ScaleDeployment,pod124,prod
2026-06-20 16:58:19,DeletePod,pod166,dev
2026-06-20 04:34:35,ScaleDeployment,pod463,dev
2026-06-20 20:57:12,CreatePod,pod191,test
2026-06-20 14:09:42,DeletePod,pod479,staging
2026-06-20 02:54:31,RestartPod,pod313,prod
2026-06-20 00:40:43,RunCryptoContainer,pod429,staging
2026-06-20 06:06:43,ExposeServiceNodePort,pod151,dev
2026-06-20 21:19:00,CreatePod,pod10,prod
2026-06-20 16:58:57,CreatePod,pod59,staging
2026-06-20 02:23:43,RunCryptoContainer,pod325,staging
2026-06-20 00:56:26,CreatePod,pod432,staging
2026-06-20 11:42:21,ScaleDeployment,pod265,staging
2026-06-20 02:42:20,DeletePod,pod497,staging
2026-06-20 17:40:03,RestartPod,pod434,test
2026-06-20 08:27:22,DeletePod,pod325,prod
2026-06-20 05:00:59,CreatePod,pod438,staging
2026-06-20 23:36:09,UpdateDeployment,pod234,test
2026-06-20 19:10:43,DeletePod,pod246,prod
2026-06-20 09:23:48,CreatePod,pod139,test
2026-06-20 11:38:24,DeployMinerPod,pod421,staging
2026-06-20 08:26:19,CreatePod,pod9,dev
2026-06-20 17:46:29,RestartPod,pod472,dev
2026-06-20 20:13:44,ScaleDeployment,pod196,staging
2026-06-20 10:52:36,CreatePod,pod352,prod
2026-06-20 15:55:23,CreatePod,pod195,dev
2026-06-20 19:18:11,UpdateDeployment,pod435,prod
2026-06-20 23:53:54,DeletePod,pod250,staging
2026-06-20 00:38:15,GrantAdminRole,pod194,staging
2026-06-20 23:44:20,RestartPod,pod86,prod
2026-06-20 13:01:46,CreatePod,pod364,prod
2026-06-20 10:50:29,UpdateDeployment,pod325,prod
2026-06-20 11:35:23,DeletePod,pod336,staging
2026-06-20 21:51:56,CreatePod,pod235,test
2026-06-20 18:04:22,ExposeServiceLoadBalancer,pod245,dev
2026-06-20 20:39:29,ModifyRBAC,pod393,test
2026-06-20 19:18:34,CreatePod,pod226,prod
2026-06-20 23:20:32,CreatePod,pod216,dev
2026-06-20 20:13:49,DeletePod,pod422,test
2026-06-20 23:31:21,DeletePod,pod408,dev
2026-06-20 08:18:19,DeletePod,pod310,test
2026-06-20 19:28:16,CreatePod,pod475,staging
2026-06-20 20:33:31,DeletePod,pod3,dev
2026-06-20 14:12:10,CreatePod,pod481,staging
2026-06-20 18:09:15,CreatePod,pod143,test
2026-06-20 19:09:19,CreatePod,pod26,test
2026-06-20 15:49:20,DeletePod,pod432,test
2026-06-20 07:00:10,DeletePod,pod317,prod
2026-06-20 08:30:23,ExposeServiceNodePort,pod373,prod
2026-06-20 07:18:23,RestartPod,pod46,prod
2026-06-20 19:21:40,UpdateDeployment,pod391,staging
2026-06-20 22:31:58,CreatePod,pod462,dev
2026-06-20 01:05:28,CreatePod,pod423,prod
2026-06-20 00:02:29,ModifyRBAC,pod387,dev
2026-06-20 03:57:47,ScaleDeployment,pod370,dev
2026-06-20 11:26:50,UpdateDeployment,pod374,staging
2026-06-20 16:38:04,GrantAdminRole,pod91,staging
2026-06-20 04:55:10,DeletePod,pod22,test
2026-06-20 13:03:12,RestartPod,pod33,staging
2026-06-20 17:47:11,CreateClusterRoleBinding,pod416,test
2026-06-20 20:05:47,DeletePod,pod8,prod
2026-06-20 20:11:15,ScaleDeployment,pod60,dev
2026-06-20 13:13:52,CreatePod,pod417,staging
2026-06-20 21:09:25,CreatePod,pod325,test
2026-06-20 15:20:23,RestartPod,pod281,test
2026-06-20 23:41:40,CreatePod,pod135,test
2026-06-20 09:02:21,DeletePod,pod145,staging
2026-06-20 02:02:29,CreatePrivilegedPod,pod471,staging
2026-06-20 00:59:33,CreatePod,pod288,staging
2026-06-20 10:36:32,CreatePod,pod363,test
2026-06-20 12:51:27,UpdateDeployment,pod87,test
2026-06-20 00:03:41,RestartPod,pod150,dev
2026-06-20 15:29:59,UpdateDeployment,pod54,dev
2026-06-20 06:29:13,DeletePod,pod89,dev
2026-06-20 03:07:15,ScaleDeployment,pod198,prod
2026-06-20 23:32:11,CreatePod,pod351,test
2026-06-20 22:51:31,CreatePod,pod73,test
2026-06-20 02:01:21,CreatePod,pod130,prod
2026-06-20 14:10:13,CreatePod,pod369,dev
2026-06-20 22:18:59,DeletePod,pod400,staging
2026-06-20 09:16:57,DeletePod,pod268,prod
2026-06-20 10:25:05,CreatePod,pod91,test
2026-06-20 22:12:28,RunCryptoContainer,pod384,staging
2026-06-20 18:33:17,RestartPod,pod493,test
2026-06-20 21:59:00,CreatePod,pod405,prod
2026-06-20 04:25:38,DeletePod,pod434,test
2026-06-20 04:17:48,CreatePod,pod60,test
2026-06-20 23:10:08,DeletePod,pod137,prod
2026-06-20 13:56:41,DeletePod,pod306,staging
2026-06-20 22:28:25,UpdateDeployment,pod147,dev
2026-06-20 12:26:43,DeletePod,pod332,staging
2026-06-20 09:48:28,UpdateDeployment,pod309,test
2026-06-20 21:54:31,DeletePod,pod11,staging
2026-06-20 02:17:33,CreatePrivilegedPod,pod377,prod
2026-06-20 15:58:29,CreatePod,pod354,prod
2026-06-20 21:53:23,UpdateDeployment,pod257,staging
2026-06-20 11:53:50,CreatePod,pod228,test
2026-06-20 19:14:19,CreatePrivilegedPod,pod313,staging
2026-06-20 20:59:53,CreatePod,pod46,prod
2026-06-20 22:54:12,CreatePod,pod4,test
2026-06-20 21:07:55,GrantAdminRole,pod68,dev
2026-06-20 12:28:08,ExposeServiceNodePort,pod236,staging
2026-06-20 20:06:02,CreatePod,pod292,staging
2026-06-20 16:34:48,CreatePod,pod7,test
2026-06-20 13:00:28,DeletePod,pod420,staging
2026-06-20 01:18:14,ScaleDeployment,pod290,dev
2026-06-20 20:14:54,DeletePod,pod232,test
2026-06-20 09:17:24,UpdateDeployment,pod472,staging
2026-06-20 09:57:14,GrantAdminRole,pod370,test
2026-06-20 09:44:25,DeletePod,pod319,prod
2026-06-20 13:59:20,DeletePod,pod122,dev
2026-06-20 20:21:15,RunCryptoContainer,pod15,dev
2026-06-20 19:31:09,CreatePod,pod127,staging
2026-06-20 20:02:00,RestartPod,pod81,prod
2026-06-20 09:30:01,RestartPod,pod321,test
2026-06-20 12:51:32,DeletePod,pod203,test
2026-06-20 04:18:59,CreatePrivilegedPod,pod427,test
2026-06-20 22:30:19,ScaleDeployment,pod472,prod
2026-06-20 22:02:55,ExposeServiceLoadBalancer,pod420,dev
2026-06-20 20:52:06,DeletePod,pod136,staging
2026-06-20 16:13:29,CreatePod,pod325,staging
2026-06-20 02:32:13,CreateClusterRoleBinding,pod410,test
2026-06-20 10:29:30,ScaleDeployment,pod90,dev
2026-06-20 03:45:43,DeletePod,pod223,dev
2026-06-20 21:37:34,DeletePod,pod292,prod
2026-06-20 07:25:18,ScaleDeployment,pod482,prod
2026-06-20 17:38:48,CreatePod,pod336,test
2026-06-20 19:14:31,DeployMinerPod,pod428,staging
2026-06-20 22:26:24,ScaleDeployment,pod226,staging
2026-06-20 19:08:23,CreatePod,pod177,dev
2026-06-20 21:51:21,DeletePod,pod389,test
2026-06-20 10:46:22,CreatePod,pod161,dev
2026-06-20 12:21:39,ScaleDeployment,pod83,prod
2026-06-20 20:22:50,DeletePod,pod304,staging
2026-06-20 12:02:45,CreatePod,pod329,prod
2026-06-20 02:54:24,DeletePod,pod366,prod
2026-06-20 20:19:48,UpdateDeployment,pod108,test
2026-06-20 19:12:33,DeployMinerPod,pod100,prod
2026-06-20 20:14:52,DeletePod,pod164,staging
2026-06-20 13:46:52,DeletePod,pod469,staging
2026-06-20 10:46:56,CreatePod,pod351,staging
2026-06-20 03:29:33,ExposeServiceNodePort,pod311,prod
2026-06-20 16:09:39,ScaleDeployment,pod136,test
2026-06-20 10:59:42,UpdateDeployment,pod52,dev
2026-06-20 03:23:36,CreateClusterRoleBinding,pod350,dev
2026-06-20 09:07:31,UpdateDeployment,pod135,test
2026-06-20 17:18:55,CreatePod,pod391,staging
2026-06-20 01:22:06,CreateClusterRoleBinding,pod227,prod
2026-06-20 06:57:24,ScaleDeployment,pod477,dev
2026-06-20 09:52:59,CreatePod,pod273,staging
2026-06-20 13:39:41,RunCryptoContainer,pod354,prod
2026-06-20 21:22:36,ScaleDeployment,pod472,prod
2026-06-20 12:47:35,ScaleDeployment,pod319,staging
2026-06-20 16:50:14,CreatePod,pod14,prod
2026-06-20 09:07:44,GrantAdminRole,pod257,staging
2026-06-20 12:34:26,CreatePod,pod490,prod
2026-06-20 15:27:17,RunCryptoContainer,pod341,prod
2026-06-20 01:25:19,ScaleDeployment,pod474,dev
2026-06-20 08:52:17,CreatePod,pod375,staging
2026-06-20 23:31:24,DeployMinerPod,pod334,prod
2026-06-20 12:51:38,ScaleDeployment,pod145,dev
2026-06-20 02:43:59,CreatePod,pod155,prod
2026-06-20 19:31:14,CreateClusterRoleBinding,pod303,test
2026-06-20 18:18:03,ScaleDeployment,pod245,dev
2026-06-20 12:35:44,UpdateDeployment,pod415,prod
2026-06-20 07:54:18,CreatePod,pod207,dev
2026-06-20 18:47:59,RunCryptoContainer,pod108,staging
2026-06-20 01:10:27,DeletePod,pod499,staging
2026-06-20 09:47:06,CreateClusterRoleBinding,pod97,test
2026-06-20 22:11:48,CreateClusterRoleBinding,pod38,dev
2026-06-20 02:31:00,ScaleDeployment,pod427,dev
2026-06-20 08:42:31,CreatePod,pod431,prod
2026-06-20 19:20:04,RestartPod,pod447,prod
2026-06-20 07:50:12,CreateClusterRoleBinding,pod194,prod
2026-06-20 22:56:47,UpdateDeployment,pod456,prod
2026-06-20 03:42:59,CreatePod,pod385,staging
2026-06-20 04:22:21,CreatePrivilegedPod,pod441,prod
2026-06-20 05:38:27,CreatePod,pod414,prod
2026-06-20 12:21:46,DeletePod,pod416,prod
2026-06-20 20:56:13,RestartPod,pod301,staging
2026-06-20 20:54:54,RestartPod,pod39,staging
2026-06-20 16:16:55,CreatePod,pod19,staging
2026-06-20 09:55:27,ExposeServiceLoadBalancer,pod55,dev
2026-06-20 13:41:37,ScaleDeployment,pod334,dev
2026-06-20 19:05:17,CreatePod,pod132,test
2026-06-20 23:48:07,DeletePod,pod316,prod
2026-06-20 17:49:20,DeletePod,pod4,staging
2026-06-20 23:01:07,RestartPod,pod367,staging
2026-06-20 12:09:38,CreatePod,pod298,dev
2026-06-20 02:33:19,CreatePod,pod108,dev
2026-06-20 02:04:07,RunCryptoContainer,pod328,dev
2026-06-20 14:38:37,DeletePod,pod74,dev
2026-06-20 15:08:49,CreatePod,pod396,staging
2026-06-20 09:45:10,CreatePod,pod458,test
2026-06-20 02:29:59,CreatePod,pod318,staging
2026-06-20 16:24:48,DeletePod,pod23,test
2026-06-20 08:33:17,DeletePod,pod436,prod
2026-06-20 15:36:22,ModifyRBAC,pod92,test
2026-06-20 23:28:57,CreateClusterRoleBinding,pod337,test
2026-06-20 15:51:20,CreatePod,pod16,prod
2026-06-20 02:00:40,GrantAdminRole,pod477,test
2026-06-20 15:04:28,DeletePod,pod295,prod
2026-06-20 02:27:07,UpdateDeployment,pod416,test
2026-06-20 04:52:13,UpdateDeployment,pod493,dev
2026-06-20 00:50:59,RestartPod,pod121,test
2026-06-20 12:07:14,ExposeServiceNodePort,pod223,test
2026-06-20 16:23:30,CreatePod,pod280,test
2026-06-20 16:23:30,CreatePod,pod47,test
2026-06-20 03:51:21,CreatePod,pod121,dev
2026-06-20 22:21:31,DeletePod,pod359,prod
2026-06-20 05:16:45,UpdateDeployment,pod417,dev
2026-06-20 19:26:38,ExposeServiceLoadBalancer,pod15,staging
2026-06-20 07:53:29,ExposeServiceLoadBalancer,pod476,prod
2026-06-20 17:15:14,UpdateDeployment,pod485,dev
2026-06-20 20:53:59,CreatePod,pod468,dev
2026-06-20 15:30:41,CreatePod,pod159,test
2026-06-20 19:23:12,CreatePod,pod65,prod
2026-06-20 15:30:08,DeletePod,pod407,staging
2026-06-20 23:06:22,ExposeServiceNodePort,pod56,dev
2026-06-20 13:10:31,RestartPod,pod167,prod
2026-06-20 14:16:39,CreatePod,pod333,dev
2026-06-20 19:37:31,UpdateDeployment,pod116,dev
2026-06-20 19:04:43,DeletePod,pod472,dev
2026-06-20 01:14:11,RunCryptoContainer,pod347,test
2026-06-20 18:21:31,ModifyRBAC,pod148,test
2026-06-20 11:09:45,ScaleDeployment,pod458,prod
2026-06-20 15:05:53,DeletePod,pod46,staging
2026-06-20 12:54:43,CreatePod,pod469,test
2026-06-20 13:27:43,DeletePod,pod8,test
2026-06-20 19:15:22,DeletePod,pod322,test
2026-06-20 06:00:11,DeletePod,pod107,dev
2026-06-20 06:30:35,DeployMinerPod,pod216,dev
2026-06-20 01:26:23,RestartPod,pod267,dev
2026-06-20 01:59:41,DeployMinerPod,pod408,dev
2026-06-20 21:37:33,DeletePod,pod467,staging
2026-06-20 16:39:36,RestartPod,pod400,test
2026-06-20 17:40:45,CreatePod,pod83,prod
2026-06-20 16:03:38,CreatePod,pod230,dev
2026-06-20 05:51:16,CreatePod,pod458,test
2026-06-20 22:08:23,ScaleDeployment,pod107,prod
2026-06-20 20:34:43,CreatePod,pod121,staging
2026-06-20 08:30:58,UpdateDeployment,pod129,staging
2026-06-20 21:57:37,ScaleDeployment,pod59,prod
2026-06-20 05:43:28,CreatePod,pod361,staging
2026-06-20 14:17:50,CreatePod,pod344,test
2026-06-20 11:21:52,DeployMinerPod,pod305,dev
2026-06-20 22:06:35,ExposeServiceNodePort,pod206,dev
2026-06-20 14:58:27,DeletePod,pod484,dev
2026-06-20 21:28:47,ExposeServiceLoadBalancer,pod179,test
2026-06-20 03:46:16,UpdateDeployment,pod485,dev
2026-06-20 05:07:44,UpdateDeployment,pod490,prod
2026-06-20 01:15:21,UpdateDeployment,pod364,staging
2026-06-20 15:09:38,RestartPod,pod86,test
2026-06-20 22:08:39,CreatePod,pod240,staging
2026-06-20 17:22:26,CreatePod,pod207,test
2026-06-20 06:41:47,CreatePrivilegedPod,pod207,dev
2026-06-20 17:12:49,RestartPod,pod297,staging
2026-06-20 15:10:13,UpdateDeployment,pod403,test
2026-06-20 11:59:09,CreatePod,pod216,staging
2026-06-20 03:52:02,DeletePod,pod312,prod
2026-06-20 22:35:44,DeletePod,pod89,dev
2026-06-20 10:40:16,CreatePod,pod173,test
2026-06-20 04:34:02,DeletePod,pod330,dev
2026-06-20 18:05:33,CreatePod,pod27,prod
2026-06-20 13:42:32,ScaleDeployment,pod198,test
2026-06-20 23:20:55,ScaleDeployment,pod321,staging
2026-06-20 20:46:02,CreatePod,pod471,prod
2026-06-20 16:16:26,RestartPod,pod55,test
2026-06-20 04:42:08,CreatePod,pod65,test
2026-06-20 15:21:27,ModifyRBAC,pod191,prod
2026-06-20 12:33:31,RestartPod,pod5,staging
2026-06-20 12:02:26,ExposeServiceLoadBalancer,pod234,dev
2026-06-20 18:48:59,UpdateDeployment,pod122,dev
2026-06-20 09:19:19,CreatePod,pod363,test
2026-06-20 17:37:22,UpdateDeployment,pod51,staging
2026-06-20 14:07:25,ScaleDeployment,pod316,test
2026-06-20 01:14:33,DeletePod,pod465,dev
2026-06-20 11:11:42,CreatePod,pod88,test
2026-06-20 04:09:16,CreatePod,pod319,prod
2026-06-20 05:53:24,ModifyRBAC,pod473,prod
2026-06-20 08:28:46,CreatePod,pod19,dev
2026-06-20 02:35:05,ModifyRBAC,pod230,prod
2026-06-20 08:49:03,UpdateDeployment,pod102,staging
2026-06-20 18:14:44,CreatePod,pod77,staging
2026-06-20 00:01:58,RestartPod,pod78,prod
2026-06-20 20:09:43,RestartPod,pod246,prod
2026-06-20 09:03:40,GrantAdminRole,pod323,staging
2026-06-20 22:10:17,ExposeServiceNodePort,pod324,staging
2026-06-20 20:37:35,CreatePod,pod79,prod
2026-06-20 23:49:43,CreatePod,pod134,staging
2026-06-20 22:56:55,CreatePod,pod59,staging
2026-06-20 03:10:45,UpdateDeployment,pod170,prod
2026-06-20 03:49:58,RestartPod,pod304,test
2026-06-20 03:15:35,CreatePod,pod210,staging
2026-06-20 02:00:49,CreatePrivilegedPod,pod464,staging
2026-06-20 08:54:10,ScaleDeployment,pod31,prod
2026-06-20 11:55:16,DeletePod,pod334,test
2026-06-20 11:07:54,CreatePod,pod279,prod
2026-06-20 20:24:34,UpdateDeployment,pod381,dev
2026-06-20 11:13:51,RunCryptoContainer,pod138,prod
2026-06-20 21:08:51,ScaleDeployment,pod93,dev
2026-06-20 01:41:47,UpdateDeployment,pod457,dev
2026-06-20 02:09:56,ScaleDeployment,pod29,test
2026-06-20 04:27:16,DeletePod,pod292,test
2026-06-20 12:06:22,CreatePod,pod240,prod
2026-06-20 14:02:51,RestartPod,pod187,prod
2026-06-20 01:15:16,ScaleDeployment,pod363,test
2026-06-20 01:22:43,CreatePrivilegedPod,pod343,prod
2026-06-20 19:35:44,CreatePod,pod214,dev
2026-06-20 00:08:28,DeletePod,pod165,staging
2026-06-20 06:35:54,CreatePod,pod452,test
2026-06-20 08:26:24,RestartPod,pod11,test
2026-06-20 13:50:33,RestartPod,pod43,staging
2026-06-20 23:42:36,CreatePod,pod296,staging
2026-06-20 07:25:28,CreatePod,pod417,prod
2026-06-20 19:00:06,UpdateDeployment,pod44,test
2026-06-20 12:02:56,ScaleDeployment,pod3,staging
2026-06-20 01:22:15,UpdateDeployment,pod32,staging
2026-06-20 14:43:44,RestartPod,pod338,prod
2026-06-20 14:20:38,UpdateDeployment,pod280,test
2026-06-20 23:46:03,DeletePod,pod220,staging
2026-06-20 04:51:42,ScaleDeployment,pod285,staging
2026-06-20 10:44:17,CreatePod,pod309,dev
2026-06-20 14:58:28,DeployMinerPod,pod250,test
2026-06-20 01:02:41,DeletePod,pod195,test
2026-06-20 10:40:37,RestartPod,pod261,dev
2026-06-20 00:42:23,ExposeServiceNodePort,pod379,test
2026-06-20 00:52:37,GrantAdminRole,pod144,dev
2026-06-20 22:23:59,DeletePod,pod365,test
2026-06-20 15:37:57,CreatePod,pod341,dev
2026-06-20 01:56:43,RestartPod,pod174,dev
2026-06-20 21:47:46,CreatePod,pod188,dev
2026-06-20 23:02:25,CreatePod,pod156,dev
2026-06-20 04:03:56,DeletePod,pod180,dev
2026-06-20 15:29:16,RestartPod,pod60,prod
2026-06-20 01:24:24,DeletePod,pod6,test
2026-06-20 06:42:16,UpdateDeployment,pod56,staging
2026-06-20 08:53:47,RestartPod,pod212,staging
2026-06-20 10:14:08,CreatePod,pod388,test
2026-06-20 14:41:56,ExposeServiceLoadBalancer,pod179,staging
2026-06-20 22:55:55,CreatePod,pod410,dev
2026-06-20 02:16:56,CreatePod,pod430,staging
2026-06-20 09:16:14,RestartPod,pod223,staging
2026-06-20 09:33:19,CreatePod,pod318,staging
2026-06-20 12:08:08,DeletePod,pod256,prod
2026-06-20 10:26:03,CreatePod,pod249,prod
2026-06-20 12:28:59,ExposeServiceNodePort,pod358,test
2026-06-20 18:40:12,CreatePod,pod109,prod
2026-06-20 05:29:19,GrantAdminRole,pod2,staging
2026-06-20 05:47:21,DeletePod,pod341,test
2026-06-20 08:48:17,ScaleDeployment,pod106,test
2026-06-20 13:51:17,CreatePod,pod440,staging
2026-06-20 17:47:21,CreatePod,pod476,staging
2026-06-20 21:28:51,CreatePrivilegedPod,pod245,staging
2026-06-20 16:46:07,DeployMinerPod,pod433,prod
2026-06-20 07:05:43,DeletePod,pod363,staging
2026-06-20 18:13:56,ScaleDeployment,pod276,dev
2026-06-20 01:17:54,UpdateDeployment,pod377,prod
2026-06-20 23:50:49,CreatePod,pod121,staging
2026-06-20 09:27:46,UpdateDeployment,pod85,prod
2026-06-20 13:09:45,DeletePod,pod494,staging
2026-06-20 00:11:35,DeployMinerPod,pod445,prod
2026-06-20 04:10:24,UpdateDeployment,pod257,dev
2026-06-20 20:38:55,DeployMinerPod,pod11,staging
2026-06-20 12:53:11,CreatePod,pod425,test
2026-06-20 09:01:38,DeletePod,pod142,dev
2026-06-20 22:41:30,DeletePod,pod357,prod
2026-06-20 18:29:42,DeletePod,pod142,staging
2026-06-20 08:32:39,DeletePod,pod329,test
2026-06-20 20:05:14,DeletePod,pod19,dev
2026-06-20 20:16:30,CreatePod,pod439,dev
2026-06-20 22:48:38,ExposeServiceNodePort,pod226,prod
2026-06-20 15:44:20,CreatePod,pod360,prod
2026-06-20 00:41:27,RestartPod,pod353,dev
2026-06-20 11:51:34,ScaleDeployment,pod213,dev
2026-06-20 08:22:09,DeletePod,pod160,test
2026-06-20 14:56:40,UpdateDeployment,pod410,test
2026-06-20 14:14:57,CreatePod,pod102,prod
2026-06-20 12:10:14,RestartPod,pod469,prod
2026-06-20 19:49:29,GrantAdminRole,pod492,staging
2026-06-20 09:25:04,DeletePod,pod420,test
2026-06-20 14:50:29,CreatePod,pod134,test
2026-06-20 11:19:46,UpdateDeployment,pod422,staging
2026-06-20 03:04:26,CreatePod,pod129,prod
2026-06-20 02:29:55,CreatePod,pod200,prod
2026-06-20 09:11:29,CreatePod,pod497,dev
2026-06-20 00:12:16,DeletePod,pod148,test
2026-06-20 10:41:50,CreatePod,pod71,test
2026-06-20 22:36:36,UpdateDeployment,pod318,test
2026-06-20 00:11:59,CreatePod,pod456,prod
2026-06-20 05:54:24,CreateClusterRoleBinding,pod382,prod
2026-06-20 15:09:21,RestartPod,pod485,test
2026-06-20 13:02:59,RestartPod,pod436,staging
2026-06-20 21:38:06,CreatePrivilegedPod,pod281,staging
2026-06-20 05:10:55,RestartPod,pod173,dev
2026-06-20 17:01:05,UpdateDeployment,pod201,staging
2026-06-20 09:13:02,CreatePod,pod313,prod
2026-06-20 18:48:28,DeletePod,pod62,prod
2026-06-20 21:52:29,GrantAdminRole,pod474,staging
